"county","age_group","day1","day2","day3","day4","day5","day6","day7","day8","day9","day10","day11","day12","day13","day14","day15","day16","day17","day18","day19","day20","day21","day22","day23","day24","day25","day26","day27","day28","day29","day30","day31","day32","day33","day34","day35","day36","day37","day38","day39","day40","day41","day42","day43","day44","day45","day46","day47","day48","day49","day50","day51","day52","day53","day54","day55","day56","day57","day58","day59","day60","day61","day62","day63","day64","day65","day66","day67","day68","day69","day70","day71","day72","day73","day74","day75","day76","day77","day78","day79","day80","day81","day82","day83","day84","day85","day86","day87","day88","day89","day90","day91"
"Alameda","0-17",585,585,585,585,585,585,585,411,411,411,411,411,411,411,284,284,284,284,284,284,284,195,195,195,195,195,195,195,133,133,133,133,133,133,133,91,91,91,91,91,91,91,63,63,63,63,63,63,63,43,43,43,43,43,43,43,30,30,30,30,30,30,30,21,21,21,21,21,21,21,15,15,15,15,15,15,15,11,11,11,11,11,11,11,8,8,8,8,8,8,8
"Alameda","18-49",979,979,979,979,979,979,979,785,785,785,785,785,785,785,631,631,631,631,631,631,631,510,510,510,510,510,510,510,413,413,413,413,413,413,413,336,336,336,336,336,336,336,275,275,275,275,275,275,275,225,225,225,225,225,225,225,186,186,186,186,186,186,186,154,154,154,154,154,154,154,128,128,128,128,128,128,128,107,107,107,107,107,107,107,89,89,89,89,89,89,89
"Alameda","50-64",184,184,184,184,184,184,184,141,141,141,141,141,141,141,109,109,109,109,109,109,109,84,84,84,84,84,84,84,66,66,66,66,66,66,66,52,52,52,52,52,52,52,41,41,41,41,41,41,41,33,33,33,33,33,33,33,26,26,26,26,26,26,26,21,21,21,21,21,21,21,17,17,17,17,17,17,17,14,14,14,14,14,14,14,11,11,11,11,11,11,11
"Alameda","65+",27,27,27,27,27,27,27,21,21,21,21,21,21,21,17,17,17,17,17,17,17,14,14,14,14,14,14,14,11,11,11,11,11,11,11,9,9,9,9,9,9,9,7,7,7,7,7,7,7,6,6,6,6,6,6,6,5,5,5,5,5,5,5,4,4,4,4,4,4,4,4,4,4,4,4,4,4,3,3,3,3,3,3,3,2,2,2,2,2,2,2
"Alpine","0-17",0,0,0,0,0,0,0,0,0,0,0,0,0,0,0,0,0,0,0,0,0,0,0,0,0,0,0,0,0,0,0,0,0,0,0,0,0,0,0,0,0,0,0,0,0,0,0,0,0,0,0,0,0,0,0,0,0,0,0,0,0,0,0,0,0,0,0,0,0,0,0,0,0,0,0,0,0,0,0,0,0,0,0,0,0,0,0,0,0,0,0
"Alpine","18-49",0,0,0,0,0,0,0,0,0,0,0,0,0,0,0,0,0,0,0,0,0,0,0,0,0,0,0,0,0,0,0,0,0,0,0,0,0,0,0,0,0,0,0,0,0,0,0,0,0,0,0,0,0,0,0,0,0,0,0,0,0,0,0,0,0,0,0,0,0,0,0,0,0,0,0,0,0,0,0,0,0,0,0,0,0,0,0,0,0,0,0
"Alpine","50-64",0,0,0,0,0,0,0,0,0,0,0,0,0,0,0,0,0,0,0,0,0,0,0,0,0,0,0,0,0,0,0,0,0,0,0,0,0,0,0,0,0,0,0,0,0,0,0,0,0,0,0,0,0,0,0,0,0,0,0,0,0,0,0,0,0,0,0,0,0,0,0,0,0,0,0,0,0,0,0,0,0,0,0,0,0,0,0,0,0,0,0
"Alpine","65+",0,0,0,0,0,0,0,0,0,0,0,0,0,0,0,0,0,0,0,0,0,0,0,0,0,0,0,0,0,0,0,0,0,0,0,0,0,0,0,0,0,0,0,0,0,0,0,0,0,0,0,0,0,0,0,0,0,0,0,0,0,0,0,0,0,0,0,0,0,0,0,0,0,0,0,0,0,0,0,0,0,0,0,0,0,0,0,0,0,0,0
"Amador","0-17",1,1,1,1,1,1,1,1,1,1,1,1,1,1,0,0,0,0,0,0,0,0,0,0,0,0,0,0,0,0,0,0,0,0,0,0,0,0,0,0,0,0,0,0,0,0,0,0,0,0,0,0,0,0,0,0,0,0,0,0,0,0,0,0,0,0,0,0,0,0,0,0,0,0,0,0,0,0,0,0,0,0,0,0,0,0,0,0,0,0,0
"Amador","18-49",5,5,5,5,5,5,5,4,4,4,4,4,4,4,3,3,3,3,3,3,3,2,2,2,2,2,2,2,2,2,2,2,2,2,2,1,1,1,1,1,1,1,1,1,1,1,1,1,1,1,1,1,1,1,1,1,1,1,1,1,1,1,1,1,1,1,1,1,1,1,1,1,1,1,1,1,1,0,0,0,0,0,0,0,0,0,0,0,0,0,0
"Amador","50-64",1,1,1,1,1,1,1,1,1,1,1,1,1,1,1,1,1,1,1,1,1,1,1,1,1,1,1,1,0,0,0,0,0,0,0,0,0,0,0,0,0,0,0,0,0,0,0,0,0,0,0,0,0,0,0,0,0,0,0,0,0,0,0,0,0,0,0,0,0,0,0,0,0,0,0,0,0,0,0,0,0,0,0,0,0,0,0,0,0,0,0
"Amador","65+",1,1,1,1,1,1,1,0,0,0,0,0,0,0,0,0,0,0,0,0,0,0,0,0,0,0,0,0,0,0,0,0,0,0,0,0,0,0,0,0,0,0,0,0,0,0,0,0,0,0,0,0,0,0,0,0,0,0,0,0,0,0,0,0,0,0,0,0,0,0,0,0,0,0,0,0,0,0,0,0,0,0,0,0,0,0,0,0,0,0,0
"Butte","0-17",53,53,53,53,53,53,53,50,50,50,50,50,50,50,46,46,46,46,46,46,46,42,42,42,42,42,42,42,37,37,37,37,37,37,37,32,32,32,32,32,32,32,27,27,27,27,27,27,27,23,23,23,23,23,23,23,20,20,20,20,20,20,20,16,16,16,16,16,16,16,14,14,14,14,14,14,14,12,12,12,12,12,12,12,10,10,10,10,10,10,10
"Butte","18-49",47,47,47,47,47,47,47,37,37,37,37,37,37,37,30,30,30,30,30,30,30,24,24,24,24,24,24,24,19,19,19,19,19,19,19,16,16,16,16,16,16,16,13,13,13,13,13,13,13,10,10,10,10,10,10,10,8,8,8,8,8,8,8,7,7,7,7,7,7,7,6,6,6,6,6,6,6,5,5,5,5,5,5,5,4,4,4,4,4,4,4
"Butte","50-64",5,5,5,5,5,5,5,4,4,4,4,4,4,4,3,3,3,3,3,3,3,2,2,2,2,2,2,2,1,1,1,1,1,1,1,1,1,1,1,1,1,1,1,1,1,1,1,1,1,1,1,1,1,1,1,1,0,0,0,0,0,0,0,0,0,0,0,0,0,0,0,0,0,0,0,0,0,0,0,0,0,0,0,0,0,0,0,0,0,0,0
"Butte","65+",11,11,11,11,11,11,11,9,9,9,9,9,9,9,8,8,8,8,8,8,8,7,7,7,7,7,7,7,6,6,6,6,6,6,6,5,5,5,5,5,5,5,5,5,5,5,5,5,5,4,4,4,4,4,4,4,4,4,4,4,4,4,4,3,3,3,3,3,3,3,3,3,3,3,3,3,3,3,3,3,3,3,3,3,2,2,2,2,2,2,2
"Calaveras","0-17",6,6,6,6,6,6,6,5,5,5,5,5,5,5,5,5,5,5,5,5,5,4,4,4,4,4,4,4,3,3,3,3,3,3,3,3,3,3,3,3,3,3,2,2,2,2,2,2,2,2,2,2,2,2,2,2,2,2,2,2,2,2,2,1,1,1,1,1,1,1,1,1,1,1,1,1,1,1,1,1,1,1,1,1,1,1,1,1,1,1,1
"Calaveras","18-49",8,8,8,8,8,8,8,6,6,6,6,6,6,6,5,5,5,5,5,5,5,4,4,4,4,4,4,4,3,3,3,3,3,3,3,2,2,2,2,2,2,2,2,2,2,2,2,2,2,2,2,2,2,2,2,2,1,1,1,1,1,1,1,1,1,1,1,1,1,1,1,1,1,1,1,1,1,1,1,1,1,1,1,1,1,1,1,1,1,1,1
"Calaveras","50-64",2,2,2,2,2,2,2,2,2,2,2,2,2,2,1,1,1,1,1,1,1,1,1,1,1,1,1,1,1,1,1,1,1,1,1,0,0,0,0,0,0,0,0,0,0,0,0,0,0,0,0,0,0,0,0,0,0,0,0,0,0,0,0,0,0,0,0,0,0,0,0,0,0,0,0,0,0,0,0,0,0,0,0,0,0,0,0,0,0,0,0
"Calaveras","65+",1,1,1,1,1,1,1,1,1,1,1,1,1,1,1,1,1,1,1,1,1,1,1,1,1,1,1,1,1,1,1,1,1,1,1,1,1,1,1,1,1,1,0,0,0,0,0,0,0,0,0,0,0,0,0,0,0,0,0,0,0,0,0,0,0,0,0,0,0,0,0,0,0,0,0,0,0,0,0,0,0,0,0,0,0,0,0,0,0,0,0
"Colusa","0-17",2,2,2,2,2,2,2,1,1,1,1,1,1,1,1,1,1,1,1,1,1,0,0,0,0,0,0,0,0,0,0,0,0,0,0,0,0,0,0,0,0,0,0,0,0,0,0,0,0,0,0,0,0,0,0,0,0,0,0,0,0,0,0,0,0,0,0,0,0,0,0,0,0,0,0,0,0,0,0,0,0,0,0,0,0,0,0,0,0,0,0
"Colusa","18-49",13,13,13,13,13,13,13,11,11,11,11,11,11,11,9,9,9,9,9,9,9,8,8,8,8,8,8,8,7,7,7,7,7,7,7,6,6,6,6,6,6,6,5,5,5,5,5,5,5,5,5,5,5,5,5,5,4,4,4,4,4,4,4,4,4,4,4,4,4,4,3,3,3,3,3,3,3,3,3,3,3,3,3,3,2,2,2,2,2,2,2
"Colusa","50-64",4,4,4,4,4,4,4,3,3,3,3,3,3,3,2,2,2,2,2,2,2,2,2,2,2,2,2,2,2,2,2,2,2,2,2,1,1,1,1,1,1,1,1,1,1,1,1,1,1,1,1,1,1,1,1,1,1,1,1,1,1,1,1,1,1,1,1,1,1,1,0,0,0,0,0,0,0,0,0,0,0,0,0,0,0,0,0,0,0,0,0
"Colusa","65+",1,1,1,1,1,1,1,1,1,1,1,1,1,1,1,1,1,1,1,1,1,1,1,1,1,1,1,1,0,0,0,0,0,0,0,0,0,0,0,0,0,0,0,0,0,0,0,0,0,0,0,0,0,0,0,0,0,0,0,0,0,0,0,0,0,0,0,0,0,0,0,0,0,0,0,0,0,0,0,0,0,0,0,0,0,0,0,0,0,0,0
"Contra Costa","0-17",459,459,459,459,459,459,459,345,345,345,345,345,345,345,254,254,254,254,254,254,254,185,185,185,185,185,185,185,134,134,134,134,134,134,134,97,97,97,97,97,97,97,71,71,71,71,71,71,71,51,51,51,51,51,51,51,38,38,38,38,38,38,38,28,28,28,28,28,28,28,21,21,21,21,21,21,21,15,15,15,15,15,15,15,12,12,12,12,12,12,12
"Contra Costa","18-49",328,328,328,328,328,328,328,246,246,246,246,246,246,246,185,185,185,185,185,185,185,140,140,140,140,140,140,140,107,107,107,107,107,107,107,82,82,82,82,82,82,82,63,63,63,63,63,63,63,49,49,49,49,49,49,49,39,39,39,39,39,39,39,30,30,30,30,30,30,30,24,24,24,24,24,24,24,19,19,19,19,19,19,19,15,15,15,15,15,15,15
"Contra Costa","50-64",45,45,45,45,45,45,45,31,31,31,31,31,31,31,21,21,21,21,21,21,21,15,15,15,15,15,15,15,11,11,11,11,11,11,11,8,8,8,8,8,8,8,6,6,6,6,6,6,6,4,4,4,4,4,4,4,3,3,3,3,3,3,3,2,2,2,2,2,2,2,2,2,2,2,2,2,2,1,1,1,1,1,1,1,1,1,1,1,1,1,1
"Contra Costa","65+",15,15,15,15,15,15,15,12,12,12,12,12,12,12,9,9,9,9,9,9,9,8,8,8,8,8,8,8,6,6,6,6,6,6,6,5,5,5,5,5,5,5,4,4,4,4,4,4,4,3,3,3,3,3,3,3,3,3,3,3,3,3,3,2,2,2,2,2,2,2,2,2,2,2,2,2,2,1,1,1,1,1,1,1,1,1,1,1,1,1,1
"Del Norte","0-17",3,3,3,3,3,3,3,2,2,2,2,2,2,2,2,2,2,2,2,2,2,1,1,1,1,1,1,1,1,1,1,1,1,1,1,1,1,1,1,1,1,1,1,1,1,1,1,1,1,0,0,0,0,0,0,0,0,0,0,0,0,0,0,0,0,0,0,0,0,0,0,0,0,0,0,0,0,0,0,0,0,0,0,0,0,0,0,0,0,0,0
"Del Norte","18-49",5,5,5,5,5,5,5,4,4,4,4,4,4,4,3,3,3,3,3,3,3,2,2,2,2,2,2,2,2,2,2,2,2,2,2,2,2,2,2,2,2,2,1,1,1,1,1,1,1,1,1,1,1,1,1,1,1,1,1,1,1,1,1,1,1,1,1,1,1,1,1,1,1,1,1,1,1,1,1,1,1,1,1,1,0,0,0,0,0,0,0
"Del Norte","50-64",2,2,2,2,2,2,2,2,2,2,2,2,2,2,1,1,1,1,1,1,1,1,1,1,1,1,1,1,1,1,1,1,1,1,1,1,1,1,1,1,1,1,0,0,0,0,0,0,0,0,0,0,0,0,0,0,0,0,0,0,0,0,0,0,0,0,0,0,0,0,0,0,0,0,0,0,0,0,0,0,0,0,0,0,0,0,0,0,0,0,0
"Del Norte","65+",1,1,1,1,1,1,1,1,1,1,1,1,1,1,1,1,1,1,1,1,1,1,1,1,1,1,1,1,0,0,0,0,0,0,0,0,0,0,0,0,0,0,0,0,0,0,0,0,0,0,0,0,0,0,0,0,0,0,0,0,0,0,0,0,0,0,0,0,0,0,0,0,0,0,0,0,0,0,0,0,0,0,0,0,0,0,0,0,0,0,0
"El Dorado","0-17",34,34,34,34,34,34,34,23,23,23,23,23,23,23,15,15,15,15,15,15,15,10,10,10,10,10,10,10,6,6,6,6,6,6,6,4,4,4,4,4,4,4,3,3,3,3,3,3,3,2,2,2,2,2,2,2,1,1,1,1,1,1,1,1,1,1,1,1,1,1,1,1,1,1,1,1,1,0,0,0,0,0,0,0,0,0,0,0,0,0,0
"El Dorado","18-49",67,67,67,67,67,67,67,54,54,54,54,54,54,54,44,44,44,44,44,44,44,36,36,36,36,36,36,36,29,29,29,29,29,29,29,24,24,24,24,24,24,24,19,19,19,19,19,19,19,16,16,16,16,16,16,16,13,13,13,13,13,13,13,11,11,11,11,11,11,11,9,9,9,9,9,9,9,8,8,8,8,8,8,8,6,6,6,6,6,6,6
"El Dorado","50-64",17,17,17,17,17,17,17,13,13,13,13,13,13,13,10,10,10,10,10,10,10,7,7,7,7,7,7,7,5,5,5,5,5,5,5,4,4,4,4,4,4,4,3,3,3,3,3,3,3,2,2,2,2,2,2,2,2,2,2,2,2,2,2,1,1,1,1,1,1,1,1,1,1,1,1,1,1,1,1,1,1,1,1,1,1,1,1,1,1,1,1
"El Dorado","65+",4,4,4,4,4,4,4,3,3,3,3,3,3,3,3,3,3,3,3,3,3,2,2,2,2,2,2,2,2,2,2,2,2,2,2,1,1,1,1,1,1,1,1,1,1,1,1,1,1,1,1,1,1,1,1,1,1,1,1,1,1,1,1,1,1,1,1,1,1,1,0,0,0,0,0,0,0,0,0,0,0,0,0,0,0,0,0,0,0,0,0
"Fresno","0-17",239,239,239,239,239,239,239,194,194,194,194,194,194,194,153,153,153,153,153,153,153,119,119,119,119,119,119,119,91,91,91,91,91,91,91,70,70,70,70,70,70,70,53,53,53,53,53,53,53,41,41,41,41,41,41,41,31,31,31,31,31,31,31,24,24,24,24,24,24,24,18,18,18,18,18,18,18,14,14,14,14,14,14,14,11,11,11,11,11,11,11
"Fresno","18-49",227,227,227,227,227,227,227,181,181,181,181,181,181,181,146,146,146,146,146,146,146,118,118,118,118,118,118,118,96,96,96,96,96,96,96,78,78,78,78,78,78,78,64,64,64,64,64,64,64,53,53,53,53,53,53,53,44,44,44,44,44,44,44,36,36,36,36,36,36,36,30,30,30,30,30,30,30,25,25,25,25,25,25,25,21,21,21,21,21,21,21
"Fresno","50-64",33,33,33,33,33,33,33,24,24,24,24,24,24,24,18,18,18,18,18,18,18,13,13,13,13,13,13,13,10,10,10,10,10,10,10,8,8,8,8,8,8,8,6,6,6,6,6,6,6,5,5,5,5,5,5,5,4,4,4,4,4,4,4,3,3,3,3,3,3,3,2,2,2,2,2,2,2,2,2,2,2,2,2,2,1,1,1,1,1,1,1
"Fresno","65+",9,9,9,9,9,9,9,7,7,7,7,7,7,7,5,5,5,5,5,5,5,4,4,4,4,4,4,4,3,3,3,3,3,3,3,3,3,3,3,3,3,3,2,2,2,2,2,2,2,1,1,1,1,1,1,1,1,1,1,1,1,1,1,1,1,1,1,1,1,1,1,1,1,1,1,1,1,1,1,1,1,1,1,1,1,1,1,1,1,1,1
"Glenn","0-17",3,3,3,3,3,3,3,2,2,2,2,2,2,2,2,2,2,2,2,2,2,1,1,1,1,1,1,1,1,1,1,1,1,1,1,1,1,1,1,1,1,1,0,0,0,0,0,0,0,0,0,0,0,0,0,0,0,0,0,0,0,0,0,0,0,0,0,0,0,0,0,0,0,0,0,0,0,0,0,0,0,0,0,0,0,0,0,0,0,0,0
"Glenn","18-49",7,7,7,7,7,7,7,6,6,6,6,6,6,6,5,5,5,5,5,5,5,4,4,4,4,4,4,4,4,4,4,4,4,4,4,3,3,3,3,3,3,3,2,2,2,2,2,2,2,2,2,2,2,2,2,2,2,2,2,2,2,2,2,2,2,2,2,2,2,2,1,1,1,1,1,1,1,1,1,1,1,1,1,1,1,1,1,1,1,1,1
"Glenn","50-64",2,2,2,2,2,2,2,1,1,1,1,1,1,1,1,1,1,1,1,1,1,1,1,1,1,1,1,1,1,1,1,1,1,1,1,0,0,0,0,0,0,0,0,0,0,0,0,0,0,0,0,0,0,0,0,0,0,0,0,0,0,0,0,0,0,0,0,0,0,0,0,0,0,0,0,0,0,0,0,0,0,0,0,0,0,0,0,0,0,0,0
"Glenn","65+",1,1,1,1,1,1,1,1,1,1,1,1,1,1,1,1,1,1,1,1,1,1,1,1,1,1,1,1,1,1,1,1,1,1,1,1,1,1,1,1,1,1,0,0,0,0,0,0,0,0,0,0,0,0,0,0,0,0,0,0,0,0,0,0,0,0,0,0,0,0,0,0,0,0,0,0,0,0,0,0,0,0,0,0,0,0,0,0,0,0,0
"Humboldt","0-17",35,35,35,35,35,35,35,28,28,28,28,28,28,28,22,22,22,22,22,22,22,16,16,16,16,16,16,16,12,12,12,12,12,12,12,9,9,9,9,9,9,9,7,7,7,7,7,7,7,5,5,5,5,5,5,5,4,4,4,4,4,4,4,3,3,3,3,3,3,3,2,2,2,2,2,2,2,2,2,2,2,2,2,2,1,1,1,1,1,1,1
"Humboldt","18-49",36,36,36,36,36,36,36,27,27,27,27,27,27,27,21,21,21,21,21,21,21,16,16,16,16,16,16,16,12,12,12,12,12,12,12,10,10,10,10,10,10,10,7,7,7,7,7,7,7,6,6,6,6,6,6,6,5,5,5,5,5,5,5,4,4,4,4,4,4,4,3,3,3,3,3,3,3,2,2,2,2,2,2,2,2,2,2,2,2,2,2
"Humboldt","50-64",11,11,11,11,11,11,11,8,8,8,8,8,8,8,6,6,6,6,6,6,6,5,5,5,5,5,5,5,3,3,3,3,3,3,3,3,3,3,3,3,3,3,2,2,2,2,2,2,2,2,2,2,2,2,2,2,1,1,1,1,1,1,1,1,1,1,1,1,1,1,1,1,1,1,1,1,1,1,1,1,1,1,1,1,0,0,0,0,0,0,0
"Humboldt","65+",6,6,6,6,6,6,6,5,5,5,5,5,5,5,4,4,4,4,4,4,4,3,3,3,3,3,3,3,3,3,3,3,3,3,3,2,2,2,2,2,2,2,2,2,2,2,2,2,2,2,2,2,2,2,2,2,1,1,1,1,1,1,1,1,1,1,1,1,1,1,1,1,1,1,1,1,1,1,1,1,1,1,1,1,1,1,1,1,1,1,1
"Imperial","0-17",87,87,87,87,87,87,87,66,66,66,66,66,66,66,49,49,49,49,49,49,49,35,35,35,35,35,35,35,25,25,25,25,25,25,25,18,18,18,18,18,18,18,13,13,13,13,13,13,13,9,9,9,9,9,9,9,7,7,7,7,7,7,7,5,5,5,5,5,5,5,4,4,4,4,4,4,4,3,3,3,3,3,3,3,2,2,2,2,2,2,2
"Imperial","18-49",157,157,157,157,157,157,157,135,135,135,135,135,135,135,116,116,116,116,116,116,116,100,100,100,100,100,100,100,86,86,86,86,86,86,86,75,75,75,75,75,75,75,64,64,64,64,64,64,64,56,56,56,56,56,56,56,49,49,49,49,49,49,49,42,42,42,42,42,42,42,37,37,37,37,37,37,37,32,32,32,32,32,32,32,28,28,28,28,28,28,28
"Imperial","50-64",25,25,25,25,25,25,25,19,19,19,19,19,19,19,15,15,15,15,15,15,15,12,12,12,12,12,12,12,10,10,10,10,10,10,10,8,8,8,8,8,8,8,6,6,6,6,6,6,6,5,5,5,5,5,5,5,4,4,4,4,4,4,4,3,3,3,3,3,3,3,3,3,3,3,3,3,3,2,2,2,2,2,2,2,2,2,2,2,2,2,2
"Imperial","65+",4,4,4,4,4,4,4,3,3,3,3,3,3,3,3,3,3,3,3,3,3,2,2,2,2,2,2,2,2,2,2,2,2,2,2,1,1,1,1,1,1,1,1,1,1,1,1,1,1,1,1,1,1,1,1,1,1,1,1,1,1,1,1,1,1,1,1,1,1,1,0,0,0,0,0,0,0,0,0,0,0,0,0,0,0,0,0,0,0,0,0
"Inyo","0-17",4,4,4,4,4,4,4,3,3,3,3,3,3,3,2,2,2,2,2,2,2,2,2,2,2,2,2,2,1,1,1,1,1,1,1,1,1,1,1,1,1,1,1,1,1,1,1,1,1,0,0,0,0,0,0,0,0,0,0,0,0,0,0,0,0,0,0,0,0,0,0,0,0,0,0,0,0,0,0,0,0,0,0,0,0,0,0,0,0,0,0
"Inyo","18-49",4,4,4,4,4,4,4,3,3,3,3,3,3,3,2,2,2,2,2,2,2,2,2,2,2,2,2,2,1,1,1,1,1,1,1,1,1,1,1,1,1,1,1,1,1,1,1,1,1,1,1,1,1,1,1,1,1,1,1,1,1,1,1,1,1,1,1,1,1,1,0,0,0,0,0,0,0,0,0,0,0,0,0,0,0,0,0,0,0,0,0
"Inyo","50-64",1,1,1,1,1,1,1,1,1,1,1,1,1,1,1,1,1,1,1,1,1,0,0,0,0,0,0,0,0,0,0,0,0,0,0,0,0,0,0,0,0,0,0,0,0,0,0,0,0,0,0,0,0,0,0,0,0,0,0,0,0,0,0,0,0,0,0,0,0,0,0,0,0,0,0,0,0,0,0,0,0,0,0,0,0,0,0,0,0,0,0
"Inyo","65+",0,0,0,0,0,0,0,0,0,0,0,0,0,0,0,0,0,0,0,0,0,0,0,0,0,0,0,0,0,0,0,0,0,0,0,0,0,0,0,0,0,0,0,0,0,0,0,0,0,0,0,0,0,0,0,0,0,0,0,0,0,0,0,0,0,0,0,0,0,0,0,0,0,0,0,0,0,0,0,0,0,0,0,0,0,0,0,0,0,0,0
"Kern","0-17",235,235,235,235,235,235,235,219,219,219,219,219,219,219,199,199,199,199,199,199,199,179,179,179,179,179,179,179,158,158,158,158,158,158,158,137,137,137,137,137,137,137,119,119,119,119,119,119,119,102,102,102,102,102,102,102,87,87,87,87,87,87,87,74,74,74,74,74,74,74,63,63,63,63,63,63,63,53,53,53,53,53,53,53,45,45,45,45,45,45,45
"Kern","18-49",191,191,191,191,191,191,191,153,153,153,153,153,153,153,123,123,123,123,123,123,123,100,100,100,100,100,100,100,81,81,81,81,81,81,81,66,66,66,66,66,66,66,54,54,54,54,54,54,54,44,44,44,44,44,44,44,37,37,37,37,37,37,37,30,30,30,30,30,30,30,25,25,25,25,25,25,25,21,21,21,21,21,21,21,18,18,18,18,18,18,18
"Kern","50-64",52,52,52,52,52,52,52,40,40,40,40,40,40,40,31,31,31,31,31,31,31,24,24,24,24,24,24,24,18,18,18,18,18,18,18,14,14,14,14,14,14,14,11,11,11,11,11,11,11,9,9,9,9,9,9,9,7,7,7,7,7,7,7,6,6,6,6,6,6,6,5,5,5,5,5,5,5,4,4,4,4,4,4,4,3,3,3,3,3,3,3
"Kern","65+",41,41,41,41,41,41,41,35,35,35,35,35,35,35,30,30,30,30,30,30,30,26,26,26,26,26,26,26,23,23,23,23,23,23,23,20,20,20,20,20,20,20,18,18,18,18,18,18,18,15,15,15,15,15,15,15,14,14,14,14,14,14,14,12,12,12,12,12,12,12,11,11,11,11,11,11,11,10,10,10,10,10,10,10,9,9,9,9,9,9,9
"Kings","0-17",26,26,26,26,26,26,26,20,20,20,20,20,20,20,16,16,16,16,16,16,16,12,12,12,12,12,12,12,9,9,9,9,9,9,9,7,7,7,7,7,7,7,5,5,5,5,5,5,5,4,4,4,4,4,4,4,3,3,3,3,3,3,3,2,2,2,2,2,2,2,2,2,2,2,2,2,2,1,1,1,1,1,1,1,1,1,1,1,1,1,1
"Kings","18-49",20,20,20,20,20,20,20,16,16,16,16,16,16,16,13,13,13,13,13,13,13,10,10,10,10,10,10,10,8,8,8,8,8,8,8,7,7,7,7,7,7,7,5,5,5,5,5,5,5,4,4,4,4,4,4,4,4,4,4,4,4,4,4,3,3,3,3,3,3,3,2,2,2,2,2,2,2,2,2,2,2,2,2,2,2,2,2,2,2,2,2
"Kings","50-64",3,3,3,3,3,3,3,2,2,2,2,2,2,2,1,1,1,1,1,1,1,1,1,1,1,1,1,1,1,1,1,1,1,1,1,1,1,1,1,1,1,1,0,0,0,0,0,0,0,0,0,0,0,0,0,0,0,0,0,0,0,0,0,0,0,0,0,0,0,0,0,0,0,0,0,0,0,0,0,0,0,0,0,0,0,0,0,0,0,0,0
"Kings","65+",1,1,1,1,1,1,1,1,1,1,1,1,1,1,1,1,1,1,1,1,1,0,0,0,0,0,0,0,0,0,0,0,0,0,0,0,0,0,0,0,0,0,0,0,0,0,0,0,0,0,0,0,0,0,0,0,0,0,0,0,0,0,0,0,0,0,0,0,0,0,0,0,0,0,0,0,0,0,0,0,0,0,0,0,0,0,0,0,0,0,0
"Lake","0-17",8,8,8,8,8,8,8,5,5,5,5,5,5,5,4,4,4,4,4,4,4,3,3,3,3,3,3,3,2,2,2,2,2,2,2,1,1,1,1,1,1,1,1,1,1,1,1,1,1,0,0,0,0,0,0,0,0,0,0,0,0,0,0,0,0,0,0,0,0,0,0,0,0,0,0,0,0,0,0,0,0,0,0,0,0,0,0,0,0,0,0
"Lake","18-49",25,25,25,25,25,25,25,23,23,23,23,23,23,23,20,20,20,20,20,20,20,18,18,18,18,18,18,18,16,16,16,16,16,16,16,14,14,14,14,14,14,14,13,13,13,13,13,13,13,12,12,12,12,12,12,12,10,10,10,10,10,10,10,9,9,9,9,9,9,9,8,8,8,8,8,8,8,8,8,8,8,8,8,8,7,7,7,7,7,7,7
"Lake","50-64",8,8,8,8,8,8,8,6,6,6,6,6,6,6,5,5,5,5,5,5,5,4,4,4,4,4,4,4,3,3,3,3,3,3,3,3,3,3,3,3,3,3,2,2,2,2,2,2,2,2,2,2,2,2,2,2,1,1,1,1,1,1,1,1,1,1,1,1,1,1,1,1,1,1,1,1,1,1,1,1,1,1,1,1,1,1,1,1,1,1,1
"Lake","65+",5,5,5,5,5,5,5,4,4,4,4,4,4,4,4,4,4,4,4,4,4,3,3,3,3,3,3,3,3,3,3,3,3,3,3,2,2,2,2,2,2,2,2,2,2,2,2,2,2,2,2,2,2,2,2,2,2,2,2,2,2,2,2,2,2,2,2,2,2,2,1,1,1,1,1,1,1,1,1,1,1,1,1,1,1,1,1,1,1,1,1
"Lassen","0-17",0,0,0,0,0,0,0,0,0,0,0,0,0,0,0,0,0,0,0,0,0,0,0,0,0,0,0,0,0,0,0,0,0,0,0,0,0,0,0,0,0,0,0,0,0,0,0,0,0,0,0,0,0,0,0,0,0,0,0,0,0,0,0,0,0,0,0,0,0,0,0,0,0,0,0,0,0,0,0,0,0,0,0,0,0,0,0,0,0,0,0
"Lassen","18-49",2,2,2,2,2,2,2,1,1,1,1,1,1,1,1,1,1,1,1,1,1,1,1,1,1,1,1,1,1,1,1,1,1,1,1,1,1,1,1,1,1,1,0,0,0,0,0,0,0,0,0,0,0,0,0,0,0,0,0,0,0,0,0,0,0,0,0,0,0,0,0,0,0,0,0,0,0,0,0,0,0,0,0,0,0,0,0,0,0,0,0
"Lassen","50-64",0,0,0,0,0,0,0,0,0,0,0,0,0,0,0,0,0,0,0,0,0,0,0,0,0,0,0,0,0,0,0,0,0,0,0,0,0,0,0,0,0,0,0,0,0,0,0,0,0,0,0,0,0,0,0,0,0,0,0,0,0,0,0,0,0,0,0,0,0,0,0,0,0,0,0,0,0,0,0,0,0,0,0,0,0,0,0,0,0,0,0
"Lassen","65+",0,0,0,0,0,0,0,0,0,0,0,0,0,0,0,0,0,0,0,0,0,0,0,0,0,0,0,0,0,0,0,0,0,0,0,0,0,0,0,0,0,0,0,0,0,0,0,0,0,0,0,0,0,0,0,0,0,0,0,0,0,0,0,0,0,0,0,0,0,0,0,0,0,0,0,0,0,0,0,0,0,0,0,0,0,0,0,0,0,0,0
"Los Angeles","0-17",2805,2805,2805,2805,2805,2805,2805,2139,2139,2139,2139,2139,2139,2139,1596,1596,1596,1596,1596,1596,1596,1175,1175,1175,1175,1175,1175,1175,860,860,860,860,860,860,860,627,627,627,627,627,627,627,459,459,459,459,459,459,459,336,336,336,336,336,336,336,247,247,247,247,247,247,247,183,183,183,183,183,183,183,136,136,136,136,136,136,136,102,102,102,102,102,102,102,77,77,77,77,77,77,77
"Los Angeles","18-49",4328,4328,4328,4328,4328,4328,4328,3429,3429,3429,3429,3429,3429,3429,2726,2726,2726,2726,2726,2726,2726,2176,2176,2176,2176,2176,2176,2176,1744,1744,1744,1744,1744,1744,1744,1404,1404,1404,1404,1404,1404,1404,1136,1136,1136,1136,1136,1136,1136,924,924,924,924,924,924,924,754,754,754,754,754,754,754,619,619,619,619,619,619,619,510,510,510,510,510,510,510,422,422,422,422,422,422,422,351,351,351,351,351,351,351
"Los Angeles","50-64",798,798,798,798,798,798,798,591,591,591,591,591,591,591,441,441,441,441,441,441,441,331,331,331,331,331,331,331,251,251,251,251,251,251,251,192,192,192,192,192,192,192,147,147,147,147,147,147,147,114,114,114,114,114,114,114,89,89,89,89,89,89,89,70,70,70,70,70,70,70,55,55,55,55,55,55,55,44,44,44,44,44,44,44,35,35,35,35,35,35,35
"Los Angeles","65+",575,575,575,575,575,575,575,496,496,496,496,496,496,496,429,429,429,429,429,429,429,373,373,373,373,373,373,373,326,326,326,326,326,326,326,286,286,286,286,286,286,286,251,251,251,251,251,251,251,222,222,222,222,222,222,222,196,196,196,196,196,196,196,174,174,174,174,174,174,174,155,155,155,155,155,155,155,139,139,139,139,139,139,139,124,124,124,124,124,124,124
"Madera","0-17",29,29,29,29,29,29,29,24,24,24,24,24,24,24,20,20,20,20,20,20,20,16,16,16,16,16,16,16,13,13,13,13,13,13,13,10,10,10,10,10,10,10,8,8,8,8,8,8,8,6,6,6,6,6,6,6,5,5,5,5,5,5,5,4,4,4,4,4,4,4,3,3,3,3,3,3,3,3,3,3,3,3,3,3,2,2,2,2,2,2,2
"Madera","18-49",27,27,27,27,27,27,27,21,21,21,21,21,21,21,17,17,17,17,17,17,17,13,13,13,13,13,13,13,11,11,11,11,11,11,11,9,9,9,9,9,9,9,7,7,7,7,7,7,7,6,6,6,6,6,6,6,5,5,5,5,5,5,5,4,4,4,4,4,4,4,3,3,3,3,3,3,3,2,2,2,2,2,2,2,2,2,2,2,2,2,2
"Madera","50-64",9,9,9,9,9,9,9,7,7,7,7,7,7,7,5,5,5,5,5,5,5,4,4,4,4,4,4,4,3,3,3,3,3,3,3,2,2,2,2,2,2,2,2,2,2,2,2,2,2,2,2,2,2,2,2,2,1,1,1,1,1,1,1,1,1,1,1,1,1,1,1,1,1,1,1,1,1,1,1,1,1,1,1,1,1,1,1,1,1,1,1
"Madera","65+",3,3,3,3,3,3,3,3,3,3,3,3,3,3,2,2,2,2,2,2,2,2,2,2,2,2,2,2,1,1,1,1,1,1,1,1,1,1,1,1,1,1,1,1,1,1,1,1,1,1,1,1,1,1,1,1,1,1,1,1,1,1,1,1,1,1,1,1,1,1,0,0,0,0,0,0,0,0,0,0,0,0,0,0,0,0,0,0,0,0,0
"Marin","0-17",89,89,89,89,89,89,89,61,61,61,61,61,61,61,41,41,41,41,41,41,41,28,28,28,28,28,28,28,19,19,19,19,19,19,19,13,13,13,13,13,13,13,9,9,9,9,9,9,9,6,6,6,6,6,6,6,4,4,4,4,4,4,4,3,3,3,3,3,3,3,2,2,2,2,2,2,2,2,2,2,2,2,2,2,1,1,1,1,1,1,1
"Marin","18-49",62,62,62,62,62,62,62,47,47,47,47,47,47,47,35,35,35,35,35,35,35,27,27,27,27,27,27,27,21,21,21,21,21,21,21,16,16,16,16,16,16,16,12,12,12,12,12,12,12,10,10,10,10,10,10,10,8,8,8,8,8,8,8,6,6,6,6,6,6,6,5,5,5,5,5,5,5,4,4,4,4,4,4,4,3,3,3,3,3,3,3
"Marin","50-64",8,8,8,8,8,8,8,5,5,5,5,5,5,5,4,4,4,4,4,4,4,2,2,2,2,2,2,2,2,2,2,2,2,2,2,1,1,1,1,1,1,1,1,1,1,1,1,1,1,1,1,1,1,1,1,1,0,0,0,0,0,0,0,0,0,0,0,0,0,0,0,0,0,0,0,0,0,0,0,0,0,0,0,0,0,0,0,0,0,0,0
"Marin","65+",0,0,0,0,0,0,0,0,0,0,0,0,0,0,0,0,0,0,0,0,0,0,0,0,0,0,0,0,0,0,0,0,0,0,0,0,0,0,0,0,0,0,0,0,0,0,0,0,0,0,0,0,0,0,0,0,0,0,0,0,0,0,0,0,0,0,0,0,0,0,0,0,0,0,0,0,0,0,0,0,0,0,0,0,0,0,0,0,0,0,0
"Mariposa","0-17",1,1,1,1,1,1,1,1,1,1,1,1,1,1,0,0,0,0,0,0,0,0,0,0,0,0,0,0,0,0,0,0,0,0,0,0,0,0,0,0,0,0,0,0,0,0,0,0,0,0,0,0,0,0,0,0,0,0,0,0,0,0,0,0,0,0,0,0,0,0,0,0,0,0,0,0,0,0,0,0,0,0,0,0,0,0,0,0,0,0,0
"Mariposa","18-49",2,2,2,2,2,2,2,2,2,2,2,2,2,2,1,1,1,1,1,1,1,1,1,1,1,1,1,1,1,1,1,1,1,1,1,1,1,1,1,1,1,1,1,1,1,1,1,1,1,0,0,0,0,0,0,0,0,0,0,0,0,0,0,0,0,0,0,0,0,0,0,0,0,0,0,0,0,0,0,0,0,0,0,0,0,0,0,0,0,0,0
"Mariposa","50-64",0,0,0,0,0,0,0,0,0,0,0,0,0,0,0,0,0,0,0,0,0,0,0,0,0,0,0,0,0,0,0,0,0,0,0,0,0,0,0,0,0,0,0,0,0,0,0,0,0,0,0,0,0,0,0,0,0,0,0,0,0,0,0,0,0,0,0,0,0,0,0,0,0,0,0,0,0,0,0,0,0,0,0,0,0,0,0,0,0,0,0
"Mariposa","65+",0,0,0,0,0,0,0,0,0,0,0,0,0,0,0,0,0,0,0,0,0,0,0,0,0,0,0,0,0,0,0,0,0,0,0,0,0,0,0,0,0,0,0,0,0,0,0,0,0,0,0,0,0,0,0,0,0,0,0,0,0,0,0,0,0,0,0,0,0,0,0,0,0,0,0,0,0,0,0,0,0,0,0,0,0,0,0,0,0,0,0
"Mendocino","0-17",13,13,13,13,13,13,13,8,8,8,8,8,8,8,5,5,5,5,5,5,5,3,3,3,3,3,3,3,2,2,2,2,2,2,2,1,1,1,1,1,1,1,1,1,1,1,1,1,1,0,0,0,0,0,0,0,0,0,0,0,0,0,0,0,0,0,0,0,0,0,0,0,0,0,0,0,0,0,0,0,0,0,0,0,0,0,0,0,0,0,0
"Mendocino","18-49",39,39,39,39,39,39,39,35,35,35,35,35,35,35,32,32,32,32,32,32,32,28,28,28,28,28,28,28,26,26,26,26,26,26,26,23,23,23,23,23,23,23,21,21,21,21,21,21,21,19,19,19,19,19,19,19,17,17,17,17,17,17,17,16,16,16,16,16,16,16,14,14,14,14,14,14,14,13,13,13,13,13,13,13,12,12,12,12,12,12,12
"Mendocino","50-64",8,8,8,8,8,8,8,6,6,6,6,6,6,6,5,5,5,5,5,5,5,4,4,4,4,4,4,4,3,3,3,3,3,3,3,3,3,3,3,3,3,3,2,2,2,2,2,2,2,2,2,2,2,2,2,2,2,2,2,2,2,2,2,1,1,1,1,1,1,1,1,1,1,1,1,1,1,1,1,1,1,1,1,1,1,1,1,1,1,1,1
"Mendocino","65+",0,0,0,0,0,0,0,0,0,0,0,0,0,0,0,0,0,0,0,0,0,0,0,0,0,0,0,0,0,0,0,0,0,0,0,0,0,0,0,0,0,0,0,0,0,0,0,0,0,0,0,0,0,0,0,0,0,0,0,0,0,0,0,0,0,0,0,0,0,0,0,0,0,0,0,0,0,0,0,0,0,0,0,0,0,0,0,0,0,0,0
"Merced","0-17",42,42,42,42,42,42,42,31,31,31,31,31,31,31,22,22,22,22,22,22,22,16,16,16,16,16,16,16,11,11,11,11,11,11,11,8,8,8,8,8,8,8,6,6,6,6,6,6,6,4,4,4,4,4,4,4,3,3,3,3,3,3,3,2,2,2,2,2,2,2,1,1,1,1,1,1,1,1,1,1,1,1,1,1,1,1,1,1,1,1,1
"Merced","18-49",66,66,66,66,66,66,66,54,54,54,54,54,54,54,44,44,44,44,44,44,44,36,36,36,36,36,36,36,30,30,30,30,30,30,30,25,25,25,25,25,25,25,21,21,21,21,21,21,21,17,17,17,17,17,17,17,15,15,15,15,15,15,15,12,12,12,12,12,12,12,10,10,10,10,10,10,10,9,9,9,9,9,9,9,7,7,7,7,7,7,7
"Merced","50-64",12,12,12,12,12,12,12,9,9,9,9,9,9,9,7,7,7,7,7,7,7,6,6,6,6,6,6,6,4,4,4,4,4,4,4,3,3,3,3,3,3,3,3,3,3,3,3,3,3,2,2,2,2,2,2,2,2,2,2,2,2,2,2,1,1,1,1,1,1,1,1,1,1,1,1,1,1,1,1,1,1,1,1,1,1,1,1,1,1,1,1
"Merced","65+",6,6,6,6,6,6,6,5,5,5,5,5,5,5,4,4,4,4,4,4,4,3,3,3,3,3,3,3,3,3,3,3,3,3,3,2,2,2,2,2,2,2,2,2,2,2,2,2,2,2,2,2,2,2,2,2,1,1,1,1,1,1,1,1,1,1,1,1,1,1,1,1,1,1,1,1,1,1,1,1,1,1,1,1,1,1,1,1,1,1,1
"Modoc","0-17",0,0,0,0,0,0,0,0,0,0,0,0,0,0,0,0,0,0,0,0,0,0,0,0,0,0,0,0,0,0,0,0,0,0,0,0,0,0,0,0,0,0,0,0,0,0,0,0,0,0,0,0,0,0,0,0,0,0,0,0,0,0,0,0,0,0,0,0,0,0,0,0,0,0,0,0,0,0,0,0,0,0,0,0,0,0,0,0,0,0,0
"Modoc","18-49",1,1,1,1,1,1,1,1,1,1,1,1,1,1,1,1,1,1,1,1,1,1,1,1,1,1,1,1,1,1,1,1,1,1,1,1,1,1,1,1,1,1,1,1,1,1,1,1,1,1,1,1,1,1,1,1,0,0,0,0,0,0,0,1,1,1,1,1,1,1,0,0,0,0,0,0,0,0,0,0,0,0,0,0,0,0,0,0,0,0,0
"Modoc","50-64",1,1,1,1,1,1,1,1,1,1,1,1,1,1,1,1,1,1,1,1,1,1,1,1,1,1,1,1,0,0,0,0,0,0,0,0,0,0,0,0,0,0,0,0,0,0,0,0,0,0,0,0,0,0,0,0,0,0,0,0,0,0,0,0,0,0,0,0,0,0,0,0,0,0,0,0,0,0,0,0,0,0,0,0,0,0,0,0,0,0,0
"Modoc","65+",0,0,0,0,0,0,0,0,0,0,0,0,0,0,0,0,0,0,0,0,0,0,0,0,0,0,0,0,0,0,0,0,0,0,0,0,0,0,0,0,0,0,0,0,0,0,0,0,0,0,0,0,0,0,0,0,0,0,0,0,0,0,0,0,0,0,0,0,0,0,0,0,0,0,0,0,0,0,0,0,0,0,0,0,0,0,0,0,0,0,0
"Mono","0-17",1,1,1,1,1,1,1,1,1,1,1,1,1,1,0,0,0,0,0,0,0,0,0,0,0,0,0,0,0,0,0,0,0,0,0,0,0,0,0,0,0,0,0,0,0,0,0,0,0,0,0,0,0,0,0,0,0,0,0,0,0,0,0,0,0,0,0,0,0,0,0,0,0,0,0,0,0,0,0,0,0,0,0,0,0,0,0,0,0,0,0
"Mono","18-49",0,0,0,0,0,0,0,0,0,0,0,0,0,0,0,0,0,0,0,0,0,0,0,0,0,0,0,0,0,0,0,0,0,0,0,0,0,0,0,0,0,0,0,0,0,0,0,0,0,0,0,0,0,0,0,0,0,0,0,0,0,0,0,0,0,0,0,0,0,0,0,0,0,0,0,0,0,0,0,0,0,0,0,0,0,0,0,0,0,0,0
"Mono","50-64",0,0,0,0,0,0,0,0,0,0,0,0,0,0,0,0,0,0,0,0,0,0,0,0,0,0,0,0,0,0,0,0,0,0,0,0,0,0,0,0,0,0,0,0,0,0,0,0,0,0,0,0,0,0,0,0,0,0,0,0,0,0,0,0,0,0,0,0,0,0,0,0,0,0,0,0,0,0,0,0,0,0,0,0,0,0,0,0,0,0,0
"Mono","65+",0,0,0,0,0,0,0,0,0,0,0,0,0,0,0,0,0,0,0,0,0,0,0,0,0,0,0,0,0,0,0,0,0,0,0,0,0,0,0,0,0,0,0,0,0,0,0,0,0,0,0,0,0,0,0,0,0,0,0,0,0,0,0,0,0,0,0,0,0,0,0,0,0,0,0,0,0,0,0,0,0,0,0,0,0,0,0,0,0,0,0
"Monterey","0-17",143,143,143,143,143,143,143,116,116,116,116,116,116,116,91,91,91,91,91,91,91,71,71,71,71,71,71,71,54,54,54,54,54,54,54,42,42,42,42,42,42,42,32,32,32,32,32,32,32,24,24,24,24,24,24,24,19,19,19,19,19,19,19,14,14,14,14,14,14,14,11,11,11,11,11,11,11,9,9,9,9,9,9,9,7,7,7,7,7,7,7
"Monterey","18-49",126,126,126,126,126,126,126,96,96,96,96,96,96,96,73,73,73,73,73,73,73,56,56,56,56,56,56,56,44,44,44,44,44,44,44,34,34,34,34,34,34,34,27,27,27,27,27,27,27,21,21,21,21,21,21,21,17,17,17,17,17,17,17,13,13,13,13,13,13,13,11,11,11,11,11,11,11,9,9,9,9,9,9,9,7,7,7,7,7,7,7
"Monterey","50-64",14,14,14,14,14,14,14,10,10,10,10,10,10,10,7,7,7,7,7,7,7,5,5,5,5,5,5,5,3,3,3,3,3,3,3,3,3,3,3,3,3,3,2,2,2,2,2,2,2,1,1,1,1,1,1,1,1,1,1,1,1,1,1,1,1,1,1,1,1,1,1,1,1,1,1,1,1,0,0,0,0,0,0,0,0,0,0,0,0,0,0
"Monterey","65+",12,12,12,12,12,12,12,10,10,10,10,10,10,10,8,8,8,8,8,8,8,7,7,7,7,7,7,7,5,5,5,5,5,5,5,4,4,4,4,4,4,4,4,4,4,4,4,4,4,3,3,3,3,3,3,3,3,3,3,3,3,3,3,2,2,2,2,2,2,2,2,2,2,2,2,2,2,2,2,2,2,2,2,2,1,1,1,1,1,1,1
"Napa","0-17",37,37,37,37,37,37,37,25,25,25,25,25,25,25,17,17,17,17,17,17,17,11,11,11,11,11,11,11,8,8,8,8,8,8,8,5,5,5,5,5,5,5,4,4,4,4,4,4,4,2,2,2,2,2,2,2,2,2,2,2,2,2,2,1,1,1,1,1,1,1,1,1,1,1,1,1,1,1,1,1,1,1,1,1,0,0,0,0,0,0,0
"Napa","18-49",44,44,44,44,44,44,44,35,35,35,35,35,35,35,27,27,27,27,27,27,27,22,22,22,22,22,22,22,17,17,17,17,17,17,17,14,14,14,14,14,14,14,11,11,11,11,11,11,11,9,9,9,9,9,9,9,7,7,7,7,7,7,7,6,6,6,6,6,6,6,5,5,5,5,5,5,5,4,4,4,4,4,4,4,3,3,3,3,3,3,3
"Napa","50-64",9,9,9,9,9,9,9,7,7,7,7,7,7,7,5,5,5,5,5,5,5,4,4,4,4,4,4,4,3,3,3,3,3,3,3,2,2,2,2,2,2,2,2,2,2,2,2,2,2,1,1,1,1,1,1,1,1,1,1,1,1,1,1,1,1,1,1,1,1,1,1,1,1,1,1,1,1,0,0,0,0,0,0,0,0,0,0,0,0,0,0
"Napa","65+",1,1,1,1,1,1,1,1,1,1,1,1,1,1,1,1,1,1,1,1,1,0,0,0,0,0,0,0,0,0,0,0,0,0,0,0,0,0,0,0,0,0,0,0,0,0,0,0,0,0,0,0,0,0,0,0,0,0,0,0,0,0,0,0,0,0,0,0,0,0,0,0,0,0,0,0,0,0,0,0,0,0,0,0,0,0,0,0,0,0,0
"Nevada","0-17",18,18,18,18,18,18,18,13,13,13,13,13,13,13,9,9,9,9,9,9,9,7,7,7,7,7,7,7,5,5,5,5,5,5,5,3,3,3,3,3,3,3,2,2,2,2,2,2,2,2,2,2,2,2,2,2,1,1,1,1,1,1,1,1,1,1,1,1,1,1,1,1,1,1,1,1,1,0,0,0,0,0,0,0,0,0,0,0,0,0,0
"Nevada","18-49",22,22,22,22,22,22,22,17,17,17,17,17,17,17,13,13,13,13,13,13,13,10,10,10,10,10,10,10,8,8,8,8,8,8,8,6,6,6,6,6,6,6,5,5,5,5,5,5,5,4,4,4,4,4,4,4,3,3,3,3,3,3,3,2,2,2,2,2,2,2,2,2,2,2,2,2,2,1,1,1,1,1,1,1,1,1,1,1,1,1,1
"Nevada","50-64",4,4,4,4,4,4,4,3,3,3,3,3,3,3,2,2,2,2,2,2,2,1,1,1,1,1,1,1,1,1,1,1,1,1,1,1,1,1,1,1,1,1,0,0,0,0,0,0,0,0,0,0,0,0,0,0,0,0,0,0,0,0,0,0,0,0,0,0,0,0,0,0,0,0,0,0,0,0,0,0,0,0,0,0,0,0,0,0,0,0,0
"Nevada","65+",3,3,3,3,3,3,3,2,2,2,2,2,2,2,2,2,2,2,2,2,2,1,1,1,1,1,1,1,1,1,1,1,1,1,1,1,1,1,1,1,1,1,1,1,1,1,1,1,1,1,1,1,1,1,1,1,1,1,1,1,1,1,1,1,1,1,1,1,1,1,0,0,0,0,0,0,0,0,0,0,0,0,0,0,0,0,0,0,0,0,0
"Orange","0-17",1022,1022,1022,1022,1022,1022,1022,798,798,798,798,798,798,798,609,609,609,609,609,609,609,457,457,457,457,457,457,457,341,341,341,341,341,341,341,253,253,253,253,253,253,253,188,188,188,188,188,188,188,139,139,139,139,139,139,139,104,104,104,104,104,104,104,78,78,78,78,78,78,78,59,59,59,59,59,59,59,44,44,44,44,44,44,44,34,34,34,34,34,34,34
"Orange","18-49",1074,1074,1074,1074,1074,1074,1074,821,821,821,821,821,821,821,630,630,630,630,630,630,630,487,487,487,487,487,487,487,378,378,378,378,378,378,378,295,295,295,295,295,295,295,232,232,232,232,232,232,232,183,183,183,183,183,183,183,145,145,145,145,145,145,145,116,116,116,116,116,116,116,93,93,93,93,93,93,93,75,75,75,75,75,75,75,61,61,61,61,61,61,61
"Orange","50-64",198,198,198,198,198,198,198,140,140,140,140,140,140,140,100,100,100,100,100,100,100,72,72,72,72,72,72,72,52,52,52,52,52,52,52,38,38,38,38,38,38,38,28,28,28,28,28,28,28,21,21,21,21,21,21,21,16,16,16,16,16,16,16,12,12,12,12,12,12,12,9,9,9,9,9,9,9,7,7,7,7,7,7,7,5,5,5,5,5,5,5
"Orange","65+",200,200,200,200,200,200,200,175,175,175,175,175,175,175,153,153,153,153,153,153,153,135,135,135,135,135,135,135,119,119,119,119,119,119,119,106,106,106,106,106,106,106,94,94,94,94,94,94,94,84,84,84,84,84,84,84,75,75,75,75,75,75,75,68,68,68,68,68,68,68,61,61,61,61,61,61,61,55,55,55,55,55,55,55,50,50,50,50,50,50,50
"Placer","0-17",105,105,105,105,105,105,105,77,77,77,77,77,77,77,56,56,56,56,56,56,56,40,40,40,40,40,40,40,28,28,28,28,28,28,28,20,20,20,20,20,20,20,14,14,14,14,14,14,14,10,10,10,10,10,10,10,7,7,7,7,7,7,7,5,5,5,5,5,5,5,4,4,4,4,4,4,4,3,3,3,3,3,3,3,2,2,2,2,2,2,2
"Placer","18-49",155,155,155,155,155,155,155,125,125,125,125,125,125,125,101,101,101,101,101,101,101,82,82,82,82,82,82,82,66,66,66,66,66,66,66,54,54,54,54,54,54,54,44,44,44,44,44,44,44,36,36,36,36,36,36,36,30,30,30,30,30,30,30,25,25,25,25,25,25,25,21,21,21,21,21,21,21,17,17,17,17,17,17,17,14,14,14,14,14,14,14
"Placer","50-64",28,28,28,28,28,28,28,20,20,20,20,20,20,20,15,15,15,15,15,15,15,11,11,11,11,11,11,11,8,8,8,8,8,8,8,6,6,6,6,6,6,6,5,5,5,5,5,5,5,4,4,4,4,4,4,4,3,3,3,3,3,3,3,2,2,2,2,2,2,2,2,2,2,2,2,2,2,1,1,1,1,1,1,1,1,1,1,1,1,1,1
"Placer","65+",10,10,10,10,10,10,10,8,8,8,8,8,8,8,7,7,7,7,7,7,7,6,6,6,6,6,6,6,5,5,5,5,5,5,5,4,4,4,4,4,4,4,3,3,3,3,3,3,3,3,3,3,3,3,3,3,2,2,2,2,2,2,2,2,2,2,2,2,2,2,2,2,2,2,2,2,2,1,1,1,1,1,1,1,1,1,1,1,1,1,1
"Plumas","0-17",1,1,1,1,1,1,1,1,1,1,1,1,1,1,0,0,0,0,0,0,0,0,0,0,0,0,0,0,0,0,0,0,0,0,0,0,0,0,0,0,0,0,0,0,0,0,0,0,0,0,0,0,0,0,0,0,0,0,0,0,0,0,0,0,0,0,0,0,0,0,0,0,0,0,0,0,0,0,0,0,0,0,0,0,0,0,0,0,0,0,0
"Plumas","18-49",2,2,2,2,2,2,2,2,2,2,2,2,2,2,1,1,1,1,1,1,1,1,1,1,1,1,1,1,1,1,1,1,1,1,1,1,1,1,1,1,1,1,1,1,1,1,1,1,1,0,0,0,0,0,0,0,0,0,0,0,0,0,0,0,0,0,0,0,0,0,0,0,0,0,0,0,0,0,0,0,0,0,0,0,0,0,0,0,0,0,0
"Plumas","50-64",1,1,1,1,1,1,1,0,0,0,0,0,0,0,0,0,0,0,0,0,0,0,0,0,0,0,0,0,0,0,0,0,0,0,0,0,0,0,0,0,0,0,0,0,0,0,0,0,0,0,0,0,0,0,0,0,0,0,0,0,0,0,0,0,0,0,0,0,0,0,0,0,0,0,0,0,0,0,0,0,0,0,0,0,0,0,0,0,0,0,0
"Plumas","65+",0,0,0,0,0,0,0,0,0,0,0,0,0,0,0,0,0,0,0,0,0,0,0,0,0,0,0,0,0,0,0,0,0,0,0,0,0,0,0,0,0,0,0,0,0,0,0,0,0,0,0,0,0,0,0,0,0,0,0,0,0,0,0,0,0,0,0,0,0,0,0,0,0,0,0,0,0,0,0,0,0,0,0,0,0,0,0,0,0,0,0
"Riverside","0-17",626,626,626,626,626,626,626,521,521,521,521,521,521,521,423,423,423,423,423,423,423,338,338,338,338,338,338,338,267,267,267,267,267,267,267,209,209,209,209,209,209,209,163,163,163,163,163,163,163,127,127,127,127,127,127,127,99,99,99,99,99,99,99,77,77,77,77,77,77,77,60,60,60,60,60,60,60,47,47,47,47,47,47,47,38,38,38,38,38,38,38
"Riverside","18-49",785,785,785,785,785,785,785,620,620,620,620,620,620,620,491,491,491,491,491,491,491,390,390,390,390,390,390,390,311,311,311,311,311,311,311,250,250,250,250,250,250,250,201,201,201,201,201,201,201,162,162,162,162,162,162,162,132,132,132,132,132,132,132,108,108,108,108,108,108,108,88,88,88,88,88,88,88,73,73,73,73,73,73,73,60,60,60,60,60,60,60
"Riverside","50-64",166,166,166,166,166,166,166,122,122,122,122,122,122,122,90,90,90,90,90,90,90,67,67,67,67,67,67,67,50,50,50,50,50,50,50,38,38,38,38,38,38,38,29,29,29,29,29,29,29,22,22,22,22,22,22,22,17,17,17,17,17,17,17,13,13,13,13,13,13,13,10,10,10,10,10,10,10,8,8,8,8,8,8,8,6,6,6,6,6,6,6
"Riverside","65+",111,111,111,111,111,111,111,94,94,94,94,94,94,94,80,80,80,80,80,80,80,69,69,69,69,69,69,69,59,59,59,59,59,59,59,51,51,51,51,51,51,51,44,44,44,44,44,44,44,39,39,39,39,39,39,39,34,34,34,34,34,34,34,30,30,30,30,30,30,30,26,26,26,26,26,26,26,23,23,23,23,23,23,23,21,21,21,21,21,21,21
"Sacramento","0-17",347,347,347,347,347,347,347,244,244,244,244,244,244,244,168,168,168,168,168,168,168,115,115,115,115,115,115,115,79,79,79,79,79,79,79,54,54,54,54,54,54,54,37,37,37,37,37,37,37,26,26,26,26,26,26,26,18,18,18,18,18,18,18,13,13,13,13,13,13,13,9,9,9,9,9,9,9,6,6,6,6,6,6,6,5,5,5,5,5,5,5
"Sacramento","18-49",770,770,770,770,770,770,770,628,628,628,628,628,628,628,513,513,513,513,513,513,513,420,420,420,420,420,420,420,345,345,345,345,345,345,345,284,284,284,284,284,284,284,235,235,235,235,235,235,235,195,195,195,195,195,195,195,162,162,162,162,162,162,162,136,136,136,136,136,136,136,114,114,114,114,114,114,114,96,96,96,96,96,96,96,81,81,81,81,81,81,81
"Sacramento","50-64",132,132,132,132,132,132,132,99,99,99,99,99,99,99,75,75,75,75,75,75,75,57,57,57,57,57,57,57,44,44,44,44,44,44,44,34,34,34,34,34,34,34,26,26,26,26,26,26,26,21,21,21,21,21,21,21,16,16,16,16,16,16,16,13,13,13,13,13,13,13,10,10,10,10,10,10,10,8,8,8,8,8,8,8,7,7,7,7,7,7,7
"Sacramento","65+",40,40,40,40,40,40,40,33,33,33,33,33,33,33,26,26,26,26,26,26,26,22,22,22,22,22,22,22,18,18,18,18,18,18,18,15,15,15,15,15,15,15,12,12,12,12,12,12,12,10,10,10,10,10,10,10,8,8,8,8,8,8,8,7,7,7,7,7,7,7,6,6,6,6,6,6,6,5,5,5,5,5,5,5,4,4,4,4,4,4,4
"San Benito","0-17",15,15,15,15,15,15,15,10,10,10,10,10,10,10,6,6,6,6,6,6,6,4,4,4,4,4,4,4,3,3,3,3,3,3,3,2,2,2,2,2,2,2,1,1,1,1,1,1,1,1,1,1,1,1,1,1,1,1,1,1,1,1,1,0,0,0,0,0,0,0,0,0,0,0,0,0,0,0,0,0,0,0,0,0,0,0,0,0,0,0,0
"San Benito","18-49",33,33,33,33,33,33,33,27,27,27,27,27,27,27,22,22,22,22,22,22,22,18,18,18,18,18,18,18,14,14,14,14,14,14,14,12,12,12,12,12,12,12,10,10,10,10,10,10,10,8,8,8,8,8,8,8,7,7,7,7,7,7,7,6,6,6,6,6,6,6,4,4,4,4,4,4,4,4,4,4,4,4,4,4,3,3,3,3,3,3,3
"San Benito","50-64",6,6,6,6,6,6,6,4,4,4,4,4,4,4,3,3,3,3,3,3,3,2,2,2,2,2,2,2,2,2,2,2,2,2,2,1,1,1,1,1,1,1,1,1,1,1,1,1,1,1,1,1,1,1,1,1,1,1,1,1,1,1,1,0,0,0,0,0,0,0,0,0,0,0,0,0,0,0,0,0,0,0,0,0,0,0,0,0,0,0,0
"San Benito","65+",1,1,1,1,1,1,1,1,1,1,1,1,1,1,1,1,1,1,1,1,1,0,0,0,0,0,0,0,0,0,0,0,0,0,0,0,0,0,0,0,0,0,0,0,0,0,0,0,0,0,0,0,0,0,0,0,0,0,0,0,0,0,0,0,0,0,0,0,0,0,0,0,0,0,0,0,0,0,0,0,0,0,0,0,0,0,0,0,0,0,0
"San Bernardino","0-17",544,544,544,544,544,544,544,451,451,451,451,451,451,451,365,365,365,365,365,365,365,290,290,290,290,290,290,290,228,228,228,228,228,228,228,178,178,178,178,178,178,178,138,138,138,138,138,138,138,107,107,107,107,107,107,107,83,83,83,83,83,83,83,65,65,65,65,65,65,65,50,50,50,50,50,50,50,39,39,39,39,39,39,39,31,31,31,31,31,31,31
"San Bernardino","18-49",775,775,775,775,775,775,775,621,621,621,621,621,621,621,498,498,498,498,498,498,498,401,401,401,401,401,401,401,324,324,324,324,324,324,324,263,263,263,263,263,263,263,214,214,214,214,214,214,214,175,175,175,175,175,175,175,144,144,144,144,144,144,144,118,118,118,118,118,118,118,98,98,98,98,98,98,98,81,81,81,81,81,81,81,68,68,68,68,68,68,68
"San Bernardino","50-64",178,178,178,178,178,178,178,133,133,133,133,133,133,133,100,100,100,100,100,100,100,75,75,75,75,75,75,75,57,57,57,57,57,57,57,44,44,44,44,44,44,44,34,34,34,34,34,34,34,26,26,26,26,26,26,26,21,21,21,21,21,21,21,16,16,16,16,16,16,16,13,13,13,13,13,13,13,10,10,10,10,10,10,10,8,8,8,8,8,8,8
"San Bernardino","65+",131,131,131,131,131,131,131,115,115,115,115,115,115,115,101,101,101,101,101,101,101,89,89,89,89,89,89,89,79,79,79,79,79,79,79,71,71,71,71,71,71,71,63,63,63,63,63,63,63,56,56,56,56,56,56,56,51,51,51,51,51,51,51,46,46,46,46,46,46,46,41,41,41,41,41,41,41,37,37,37,37,37,37,37,34,34,34,34,34,34,34
"San Diego","0-17",797,797,797,797,797,797,797,525,525,525,525,525,525,525,340,340,340,340,340,340,340,219,219,219,219,219,219,219,141,141,141,141,141,141,141,92,92,92,92,92,92,92,60,60,60,60,60,60,60,40,40,40,40,40,40,40,26,26,26,26,26,26,26,18,18,18,18,18,18,18,12,12,12,12,12,12,12,8,8,8,8,8,8,8,6,6,6,6,6,6,6
"San Diego","18-49",2415,2415,2415,2415,2415,2415,2415,1967,1967,1967,1967,1967,1967,1967,1603,1603,1603,1603,1603,1603,1603,1308,1308,1308,1308,1308,1308,1308,1069,1069,1069,1069,1069,1069,1069,877,877,877,877,877,877,877,721,721,721,721,721,721,721,595,595,595,595,595,595,595,493,493,493,493,493,493,493,410,410,410,410,410,410,410,342,342,342,342,342,342,342,287,287,287,287,287,287,287,241,241,241,241,241,241,241
"San Diego","50-64",360,360,360,360,360,360,360,267,267,267,267,267,267,267,200,200,200,200,200,200,200,150,150,150,150,150,150,150,114,114,114,114,114,114,114,87,87,87,87,87,87,87,67,67,67,67,67,67,67,52,52,52,52,52,52,52,40,40,40,40,40,40,40,32,32,32,32,32,32,32,25,25,25,25,25,25,25,20,20,20,20,20,20,20,16,16,16,16,16,16,16
"San Diego","65+",135,135,135,135,135,135,135,115,115,115,115,115,115,115,100,100,100,100,100,100,100,86,86,86,86,86,86,86,75,75,75,75,75,75,75,66,66,66,66,66,66,66,58,58,58,58,58,58,58,51,51,51,51,51,51,51,45,45,45,45,45,45,45,40,40,40,40,40,40,40,35,35,35,35,35,35,35,31,31,31,31,31,31,31,28,28,28,28,28,28,28
"San Francisco","0-17",138,138,138,138,138,138,138,87,87,87,87,87,87,87,55,55,55,55,55,55,55,34,34,34,34,34,34,34,22,22,22,22,22,22,22,14,14,14,14,14,14,14,9,9,9,9,9,9,9,6,6,6,6,6,6,6,4,4,4,4,4,4,4,3,3,3,3,3,3,3,2,2,2,2,2,2,2,1,1,1,1,1,1,1,1,1,1,1,1,1,1
"San Francisco","18-49",432,432,432,432,432,432,432,336,336,336,336,336,336,336,262,262,262,262,262,262,262,206,206,206,206,206,206,206,162,162,162,162,162,162,162,129,129,129,129,129,129,129,103,103,103,103,103,103,103,82,82,82,82,82,82,82,66,66,66,66,66,66,66,54,54,54,54,54,54,54,44,44,44,44,44,44,44,36,36,36,36,36,36,36,30,30,30,30,30,30,30
"San Francisco","50-64",58,58,58,58,58,58,58,43,43,43,43,43,43,43,32,32,32,32,32,32,32,24,24,24,24,24,24,24,18,18,18,18,18,18,18,14,14,14,14,14,14,14,11,11,11,11,11,11,11,8,8,8,8,8,8,8,6,6,6,6,6,6,6,5,5,5,5,5,5,5,4,4,4,4,4,4,4,3,3,3,3,3,3,3,3,3,3,3,3,3,3
"San Francisco","65+",36,36,36,36,36,36,36,31,31,31,31,31,31,31,26,26,26,26,26,26,26,23,23,23,23,23,23,23,20,20,20,20,20,20,20,17,17,17,17,17,17,17,15,15,15,15,15,15,15,13,13,13,13,13,13,13,11,11,11,11,11,11,11,10,10,10,10,10,10,10,9,9,9,9,9,9,9,8,8,8,8,8,8,8,7,7,7,7,7,7,7
"San Joaquin","0-17",192,192,192,192,192,192,192,153,153,153,153,153,153,153,118,118,118,118,118,118,118,90,90,90,90,90,90,90,67,67,67,67,67,67,67,51,51,51,51,51,51,51,38,38,38,38,38,38,38,28,28,28,28,28,28,28,21,21,21,21,21,21,21,16,16,16,16,16,16,16,12,12,12,12,12,12,12,9,9,9,9,9,9,9,7,7,7,7,7,7,7
"San Joaquin","18-49",363,363,363,363,363,363,363,301,301,301,301,301,301,301,250,250,250,250,250,250,250,208,208,208,208,208,208,208,173,173,173,173,173,173,173,145,145,145,145,145,145,145,121,121,121,121,121,121,121,102,102,102,102,102,102,102,86,86,86,86,86,86,86,73,73,73,73,73,73,73,62,62,62,62,62,62,62,53,53,53,53,53,53,53,45,45,45,45,45,45,45
"San Joaquin","50-64",67,67,67,67,67,67,67,51,51,51,51,51,51,51,40,40,40,40,40,40,40,31,31,31,31,31,31,31,24,24,24,24,24,24,24,19,19,19,19,19,19,19,15,15,15,15,15,15,15,12,12,12,12,12,12,12,9,9,9,9,9,9,9,8,8,8,8,8,8,8,6,6,6,6,6,6,6,5,5,5,5,5,5,5,4,4,4,4,4,4,4
"San Joaquin","65+",22,22,22,22,22,22,22,18,18,18,18,18,18,18,14,14,14,14,14,14,14,12,12,12,12,12,12,12,10,10,10,10,10,10,10,8,8,8,8,8,8,8,7,7,7,7,7,7,7,5,5,5,5,5,5,5,5,5,5,5,5,5,5,4,4,4,4,4,4,4,3,3,3,3,3,3,3,3,3,3,3,3,3,3,2,2,2,2,2,2,2
"San Luis Obispo","0-17",41,41,41,41,41,41,41,28,28,28,28,28,28,28,19,19,19,19,19,19,19,13,13,13,13,13,13,13,9,9,9,9,9,9,9,6,6,6,6,6,6,6,4,4,4,4,4,4,4,3,3,3,3,3,3,3,2,2,2,2,2,2,2,1,1,1,1,1,1,1,1,1,1,1,1,1,1,1,1,1,1,1,1,1,0,0,0,0,0,0,0
"San Luis Obispo","18-49",62,62,62,62,62,62,62,46,46,46,46,46,46,46,34,34,34,34,34,34,34,26,26,26,26,26,26,26,19,19,19,19,19,19,19,15,15,15,15,15,15,15,11,11,11,11,11,11,11,9,9,9,9,9,9,9,7,7,7,7,7,7,7,5,5,5,5,5,5,5,4,4,4,4,4,4,4,3,3,3,3,3,3,3,3,3,3,3,3,3,3
"San Luis Obispo","50-64",6,6,6,6,6,6,6,4,4,4,4,4,4,4,2,2,2,2,2,2,2,2,2,2,2,2,2,2,1,1,1,1,1,1,1,1,1,1,1,1,1,1,0,0,0,0,0,0,0,0,0,0,0,0,0,0,0,0,0,0,0,0,0,0,0,0,0,0,0,0,0,0,0,0,0,0,0,0,0,0,0,0,0,0,0,0,0,0,0,0,0
"San Luis Obispo","65+",7,7,7,7,7,7,7,5,5,5,5,5,5,5,4,4,4,4,4,4,4,3,3,3,3,3,3,3,2,2,2,2,2,2,2,2,2,2,2,2,2,2,2,2,2,2,2,2,2,1,1,1,1,1,1,1,1,1,1,1,1,1,1,1,1,1,1,1,1,1,1,1,1,1,1,1,1,1,1,1,1,1,1,1,0,0,0,0,0,0,0
"San Mateo","0-17",188,188,188,188,188,188,188,117,117,117,117,117,117,117,72,72,72,72,72,72,72,45,45,45,45,45,45,45,28,28,28,28,28,28,28,17,17,17,17,17,17,17,11,11,11,11,11,11,11,7,7,7,7,7,7,7,5,5,5,5,5,5,5,3,3,3,3,3,3,3,2,2,2,2,2,2,2,1,1,1,1,1,1,1,1,1,1,1,1,1,1
"San Mateo","18-49",458,458,458,458,458,458,458,364,364,364,364,364,364,364,291,291,291,291,291,291,291,233,233,233,233,233,233,233,188,188,188,188,188,188,188,152,152,152,152,152,152,152,123,123,123,123,123,123,123,100,100,100,100,100,100,100,82,82,82,82,82,82,82,68,68,68,68,68,68,68,56,56,56,56,56,56,56,46,46,46,46,46,46,46,39,39,39,39,39,39,39
"San Mateo","50-64",76,76,76,76,76,76,76,57,57,57,57,57,57,57,43,43,43,43,43,43,43,33,33,33,33,33,33,33,25,25,25,25,25,25,25,19,19,19,19,19,19,19,15,15,15,15,15,15,15,12,12,12,12,12,12,12,9,9,9,9,9,9,9,7,7,7,7,7,7,7,6,6,6,6,6,6,6,5,5,5,5,5,5,5,4,4,4,4,4,4,4
"San Mateo","65+",17,17,17,17,17,17,17,13,13,13,13,13,13,13,11,11,11,11,11,11,11,9,9,9,9,9,9,9,8,8,8,8,8,8,8,6,6,6,6,6,6,6,5,5,5,5,5,5,5,4,4,4,4,4,4,4,4,4,4,4,4,4,4,3,3,3,3,3,3,3,3,3,3,3,3,3,3,2,2,2,2,2,2,2,2,2,2,2,2,2,2
"Santa Barbara","0-17",116,116,116,116,116,116,116,89,89,89,89,89,89,89,67,67,67,67,67,67,67,50,50,50,50,50,50,50,37,37,37,37,37,37,37,27,27,27,27,27,27,27,20,20,20,20,20,20,20,15,15,15,15,15,15,15,11,11,11,11,11,11,11,8,8,8,8,8,8,8,6,6,6,6,6,6,6,5,5,5,5,5,5,5,4,4,4,4,4,4,4
"Santa Barbara","18-49",87,87,87,87,87,87,87,63,63,63,63,63,63,63,45,45,45,45,45,45,45,33,33,33,33,33,33,33,24,24,24,24,24,24,24,18,18,18,18,18,18,18,14,14,14,14,14,14,14,10,10,10,10,10,10,10,8,8,8,8,8,8,8,6,6,6,6,6,6,6,5,5,5,5,5,5,5,4,4,4,4,4,4,4,3,3,3,3,3,3,3
"Santa Barbara","50-64",9,9,9,9,9,9,9,6,6,6,6,6,6,6,4,4,4,4,4,4,4,3,3,3,3,3,3,3,2,2,2,2,2,2,2,1,1,1,1,1,1,1,1,1,1,1,1,1,1,1,1,1,1,1,1,1,0,0,0,0,0,0,0,0,0,0,0,0,0,0,0,0,0,0,0,0,0,0,0,0,0,0,0,0,0,0,0,0,0,0,0
"Santa Barbara","65+",5,5,5,5,5,5,5,4,4,4,4,4,4,4,3,3,3,3,3,3,3,2,2,2,2,2,2,2,2,2,2,2,2,2,2,1,1,1,1,1,1,1,1,1,1,1,1,1,1,1,1,1,1,1,1,1,1,1,1,1,1,1,1,1,1,1,1,1,1,1,0,0,0,0,0,0,0,0,0,0,0,0,0,0,0,0,0,0,0,0,0
"Santa Clara","0-17",610,610,610,610,610,610,610,410,410,410,410,410,410,410,273,273,273,273,273,273,273,181,181,181,181,181,181,181,120,120,120,120,120,120,120,80,80,80,80,80,80,80,54,54,54,54,54,54,54,37,37,37,37,37,37,37,25,25,25,25,25,25,25,17,17,17,17,17,17,17,12,12,12,12,12,12,12,8,8,8,8,8,8,8,6,6,6,6,6,6,6
"Santa Clara","18-49",654,654,654,654,654,654,654,458,458,458,458,458,458,458,324,324,324,324,324,324,324,231,231,231,231,231,231,231,166,166,166,166,166,166,166,121,121,121,121,121,121,121,88,88,88,88,88,88,88,65,65,65,65,65,65,65,48,48,48,48,48,48,48,36,36,36,36,36,36,36,27,27,27,27,27,27,27,21,21,21,21,21,21,21,16,16,16,16,16,16,16
"Santa Clara","50-64",133,133,133,133,133,133,133,93,93,93,93,93,93,93,66,66,66,66,66,66,66,47,47,47,47,47,47,47,34,34,34,34,34,34,34,25,25,25,25,25,25,25,18,18,18,18,18,18,18,14,14,14,14,14,14,14,10,10,10,10,10,10,10,8,8,8,8,8,8,8,6,6,6,6,6,6,6,5,5,5,5,5,5,5,3,3,3,3,3,3,3
"Santa Clara","65+",65,65,65,65,65,65,65,55,55,55,55,55,55,55,47,47,47,47,47,47,47,40,40,40,40,40,40,40,34,34,34,34,34,34,34,29,29,29,29,29,29,29,25,25,25,25,25,25,25,22,22,22,22,22,22,22,19,19,19,19,19,19,19,17,17,17,17,17,17,17,15,15,15,15,15,15,15,13,13,13,13,13,13,13,11,11,11,11,11,11,11
"Santa Cruz","0-17",72,72,72,72,72,72,72,50,50,50,50,50,50,50,34,34,34,34,34,34,34,23,23,23,23,23,23,23,15,15,15,15,15,15,15,11,11,11,11,11,11,11,7,7,7,7,7,7,7,5,5,5,5,5,5,5,3,3,3,3,3,3,3,2,2,2,2,2,2,2,2,2,2,2,2,2,2,1,1,1,1,1,1,1,1,1,1,1,1,1,1
"Santa Cruz","18-49",132,132,132,132,132,132,132,103,103,103,103,103,103,103,81,81,81,81,81,81,81,64,64,64,64,64,64,64,51,51,51,51,51,51,51,40,40,40,40,40,40,40,32,32,32,32,32,32,32,26,26,26,26,26,26,26,21,21,21,21,21,21,21,17,17,17,17,17,17,17,14,14,14,14,14,14,14,11,11,11,11,11,11,11,9,9,9,9,9,9,9
"Santa Cruz","50-64",19,19,19,19,19,19,19,14,14,14,14,14,14,14,10,10,10,10,10,10,10,7,7,7,7,7,7,7,5,5,5,5,5,5,5,4,4,4,4,4,4,4,3,3,3,3,3,3,3,2,2,2,2,2,2,2,2,2,2,2,2,2,2,1,1,1,1,1,1,1,1,1,1,1,1,1,1,1,1,1,1,1,1,1,1,1,1,1,1,1,1
"Santa Cruz","65+",9,9,9,9,9,9,9,8,8,8,8,8,8,8,6,6,6,6,6,6,6,5,5,5,5,5,5,5,5,5,5,5,5,5,5,4,4,4,4,4,4,4,3,3,3,3,3,3,3,3,3,3,3,3,3,3,3,3,3,3,3,3,3,2,2,2,2,2,2,2,2,2,2,2,2,2,2,2,2,2,2,2,2,2,1,1,1,1,1,1,1
"Shasta","0-17",22,22,22,22,22,22,22,18,18,18,18,18,18,18,14,14,14,14,14,14,14,11,11,11,11,11,11,11,9,9,9,9,9,9,9,6,6,6,6,6,6,6,5,5,5,5,5,5,5,4,4,4,4,4,4,4,3,3,3,3,3,3,3,2,2,2,2,2,2,2,2,2,2,2,2,2,2,1,1,1,1,1,1,1,1,1,1,1,1,1,1
"Shasta","18-49",40,40,40,40,40,40,40,34,34,34,34,34,34,34,28,28,28,28,28,28,28,24,24,24,24,24,24,24,20,20,20,20,20,20,20,17,17,17,17,17,17,17,14,14,14,14,14,14,14,12,12,12,12,12,12,12,10,10,10,10,10,10,10,9,9,9,9,9,9,9,8,8,8,8,8,8,8,7,7,7,7,7,7,7,6,6,6,6,6,6,6
"Shasta","50-64",14,14,14,14,14,14,14,11,11,11,11,11,11,11,9,9,9,9,9,9,9,7,7,7,7,7,7,7,5,5,5,5,5,5,5,4,4,4,4,4,4,4,3,3,3,3,3,3,3,3,3,3,3,3,3,3,2,2,2,2,2,2,2,2,2,2,2,2,2,2,1,1,1,1,1,1,1,1,1,1,1,1,1,1,1,1,1,1,1,1,1
"Shasta","65+",18,18,18,18,18,18,18,16,16,16,16,16,16,16,14,14,14,14,14,14,14,13,13,13,13,13,13,13,11,11,11,11,11,11,11,10,10,10,10,10,10,10,9,9,9,9,9,9,9,8,8,8,8,8,8,8,7,7,7,7,7,7,7,7,7,7,7,7,7,7,6,6,6,6,6,6,6,6,6,6,6,6,6,6,5,5,5,5,5,5,5
"Sierra","0-17",0,0,0,0,0,0,0,0,0,0,0,0,0,0,0,0,0,0,0,0,0,0,0,0,0,0,0,0,0,0,0,0,0,0,0,0,0,0,0,0,0,0,0,0,0,0,0,0,0,0,0,0,0,0,0,0,0,0,0,0,0,0,0,0,0,0,0,0,0,0,0,0,0,0,0,0,0,0,0,0,0,0,0,0,0,0,0,0,0,0,0
"Sierra","18-49",0,0,0,0,0,0,0,0,0,0,0,0,0,0,0,0,0,0,0,0,0,0,0,0,0,0,0,0,0,0,0,0,0,0,0,0,0,0,0,0,0,0,0,0,0,0,0,0,0,0,0,0,0,0,0,0,0,0,0,0,0,0,0,0,0,0,0,0,0,0,0,0,0,0,0,0,0,0,0,0,0,0,0,0,0,0,0,0,0,0,0
"Sierra","50-64",0,0,0,0,0,0,0,0,0,0,0,0,0,0,0,0,0,0,0,0,0,0,0,0,0,0,0,0,0,0,0,0,0,0,0,0,0,0,0,0,0,0,0,0,0,0,0,0,0,0,0,0,0,0,0,0,0,0,0,0,0,0,0,0,0,0,0,0,0,0,0,0,0,0,0,0,0,0,0,0,0,0,0,0,0,0,0,0,0,0,0
"Sierra","65+",0,0,0,0,0,0,0,0,0,0,0,0,0,0,0,0,0,0,0,0,0,0,0,0,0,0,0,0,0,0,0,0,0,0,0,0,0,0,0,0,0,0,0,0,0,0,0,0,0,0,0,0,0,0,0,0,0,0,0,0,0,0,0,0,0,0,0,0,0,0,0,0,0,0,0,0,0,0,0,0,0,0,0,0,0,0,0,0,0,0,0
"Siskiyou","0-17",3,3,3,3,3,3,3,2,2,2,2,2,2,2,1,1,1,1,1,1,1,0,0,0,0,0,0,0,0,0,0,0,0,0,0,0,0,0,0,0,0,0,0,0,0,0,0,0,0,0,0,0,0,0,0,0,0,0,0,0,0,0,0,0,0,0,0,0,0,0,0,0,0,0,0,0,0,0,0,0,0,0,0,0,0,0,0,0,0,0,0
"Siskiyou","18-49",8,8,8,8,8,8,8,7,7,7,7,7,7,7,6,6,6,6,6,6,6,5,5,5,5,5,5,5,4,4,4,4,4,4,4,3,3,3,3,3,3,3,3,3,3,3,3,3,3,2,2,2,2,2,2,2,2,2,2,2,2,2,2,2,2,2,2,2,2,2,1,1,1,1,1,1,1,1,1,1,1,1,1,1,1,1,1,1,1,1,1
"Siskiyou","50-64",5,5,5,5,5,5,5,4,4,4,4,4,4,4,3,3,3,3,3,3,3,2,2,2,2,2,2,2,2,2,2,2,2,2,2,2,2,2,2,2,2,2,1,1,1,1,1,1,1,1,1,1,1,1,1,1,1,1,1,1,1,1,1,1,1,1,1,1,1,1,1,1,1,1,1,1,1,1,1,1,1,1,1,1,0,0,0,0,0,0,0
"Siskiyou","65+",3,3,3,3,3,3,3,2,2,2,2,2,2,2,2,2,2,2,2,2,2,2,2,2,2,2,2,2,1,1,1,1,1,1,1,1,1,1,1,1,1,1,1,1,1,1,1,1,1,1,1,1,1,1,1,1,1,1,1,1,1,1,1,1,1,1,1,1,1,1,1,1,1,1,1,1,1,0,0,0,0,0,0,0,0,0,0,0,0,0,0
"Solano","0-17",74,74,74,74,74,74,74,47,47,47,47,47,47,47,30,30,30,30,30,30,30,19,19,19,19,19,19,19,12,12,12,12,12,12,12,8,8,8,8,8,8,8,5,5,5,5,5,5,5,3,3,3,3,3,3,3,2,2,2,2,2,2,2,1,1,1,1,1,1,1,1,1,1,1,1,1,1,1,1,1,1,1,1,1,0,0,0,0,0,0,0
"Solano","18-49",188,188,188,188,188,188,188,154,154,154,154,154,154,154,126,126,126,126,126,126,126,104,104,104,104,104,104,104,85,85,85,85,85,85,85,70,70,70,70,70,70,70,58,58,58,58,58,58,58,49,49,49,49,49,49,49,41,41,41,41,41,41,41,34,34,34,34,34,34,34,29,29,29,29,29,29,29,24,24,24,24,24,24,24,20,20,20,20,20,20,20
"Solano","50-64",25,25,25,25,25,25,25,18,18,18,18,18,18,18,14,14,14,14,14,14,14,10,10,10,10,10,10,10,8,8,8,8,8,8,8,6,6,6,6,6,6,6,5,5,5,5,5,5,5,3,3,3,3,3,3,3,3,3,3,3,3,3,3,2,2,2,2,2,2,2,2,2,2,2,2,2,2,1,1,1,1,1,1,1,1,1,1,1,1,1,1
"Solano","65+",6,6,6,6,6,6,6,5,5,5,5,5,5,5,4,4,4,4,4,4,4,3,3,3,3,3,3,3,2,2,2,2,2,2,2,2,2,2,2,2,2,2,1,1,1,1,1,1,1,1,1,1,1,1,1,1,1,1,1,1,1,1,1,1,1,1,1,1,1,1,1,1,1,1,1,1,1,1,1,1,1,1,1,1,0,0,0,0,0,0,0
"Sonoma","0-17",94,94,94,94,94,94,94,61,61,61,61,61,61,61,40,40,40,40,40,40,40,26,26,26,26,26,26,26,16,16,16,16,16,16,16,11,11,11,11,11,11,11,7,7,7,7,7,7,7,5,5,5,5,5,5,5,3,3,3,3,3,3,3,2,2,2,2,2,2,2,1,1,1,1,1,1,1,1,1,1,1,1,1,1,1,1,1,1,1,1,1
"Sonoma","18-49",226,226,226,226,226,226,226,182,182,182,182,182,182,182,147,147,147,147,147,147,147,119,119,119,119,119,119,119,97,97,97,97,97,97,97,79,79,79,79,79,79,79,65,65,65,65,65,65,65,54,54,54,54,54,54,54,44,44,44,44,44,44,44,37,37,37,37,37,37,37,31,31,31,31,31,31,31,26,26,26,26,26,26,26,21,21,21,21,21,21,21
"Sonoma","50-64",37,37,37,37,37,37,37,27,27,27,27,27,27,27,20,20,20,20,20,20,20,15,15,15,15,15,15,15,11,11,11,11,11,11,11,8,8,8,8,8,8,8,6,6,6,6,6,6,6,5,5,5,5,5,5,5,4,4,4,4,4,4,4,3,3,3,3,3,3,3,2,2,2,2,2,2,2,2,2,2,2,2,2,2,1,1,1,1,1,1,1
"Sonoma","65+",10,10,10,10,10,10,10,8,8,8,8,8,8,8,6,6,6,6,6,6,6,5,5,5,5,5,5,5,4,4,4,4,4,4,4,3,3,3,3,3,3,3,3,3,3,3,3,3,3,2,2,2,2,2,2,2,2,2,2,2,2,2,2,2,2,2,2,2,2,2,1,1,1,1,1,1,1,1,1,1,1,1,1,1,1,1,1,1,1,1,1
"Stanislaus","0-17",144,144,144,144,144,144,144,131,131,131,131,131,131,131,118,118,118,118,118,118,118,103,103,103,103,103,103,103,90,90,90,90,90,90,90,77,77,77,77,77,77,77,66,66,66,66,66,66,66,56,56,56,56,56,56,56,47,47,47,47,47,47,47,39,39,39,39,39,39,39,33,33,33,33,33,33,33,28,28,28,28,28,28,28,23,23,23,23,23,23,23
"Stanislaus","18-49",142,142,142,142,142,142,142,113,113,113,113,113,113,113,90,90,90,90,90,90,90,72,72,72,72,72,72,72,58,58,58,58,58,58,58,47,47,47,47,47,47,47,38,38,38,38,38,38,38,31,31,31,31,31,31,31,25,25,25,25,25,25,25,21,21,21,21,21,21,21,17,17,17,17,17,17,17,14,14,14,14,14,14,14,12,12,12,12,12,12,12
"Stanislaus","50-64",41,41,41,41,41,41,41,31,31,31,31,31,31,31,24,24,24,24,24,24,24,19,19,19,19,19,19,19,15,15,15,15,15,15,15,12,12,12,12,12,12,12,9,9,9,9,9,9,9,7,7,7,7,7,7,7,6,6,6,6,6,6,6,5,5,5,5,5,5,5,4,4,4,4,4,4,4,3,3,3,3,3,3,3,3,3,3,3,3,3,3
"Stanislaus","65+",23,23,23,23,23,23,23,19,19,19,19,19,19,19,16,16,16,16,16,16,16,14,14,14,14,14,14,14,11,11,11,11,11,11,11,10,10,10,10,10,10,10,8,8,8,8,8,8,8,7,7,7,7,7,7,7,6,6,6,6,6,6,6,5,5,5,5,5,5,5,5,5,5,5,5,5,5,4,4,4,4,4,4,4,4,4,4,4,4,4,4
"Sutter","0-17",15,15,15,15,15,15,15,10,10,10,10,10,10,10,7,7,7,7,7,7,7,5,5,5,5,5,5,5,3,3,3,3,3,3,3,2,2,2,2,2,2,2,1,1,1,1,1,1,1,1,1,1,1,1,1,1,1,1,1,1,1,1,1,0,0,0,0,0,0,0,0,0,0,0,0,0,0,0,0,0,0,0,0,0,0,0,0,0,0,0,0
"Sutter","18-49",42,42,42,42,42,42,42,36,36,36,36,36,36,36,31,31,31,31,31,31,31,26,26,26,26,26,26,26,23,23,23,23,23,23,23,20,20,20,20,20,20,20,17,17,17,17,17,17,17,15,15,15,15,15,15,15,13,13,13,13,13,13,13,11,11,11,11,11,11,11,10,10,10,10,10,10,10,8,8,8,8,8,8,8,7,7,7,7,7,7,7
"Sutter","50-64",10,10,10,10,10,10,10,8,8,8,8,8,8,8,7,7,7,7,7,7,7,5,5,5,5,5,5,5,4,4,4,4,4,4,4,3,3,3,3,3,3,3,3,3,3,3,3,3,3,2,2,2,2,2,2,2,2,2,2,2,2,2,2,2,2,2,2,2,2,2,1,1,1,1,1,1,1,1,1,1,1,1,1,1,1,1,1,1,1,1,1
"Sutter","65+",5,5,5,5,5,5,5,4,4,4,4,4,4,4,3,3,3,3,3,3,3,3,3,3,3,3,3,3,2,2,2,2,2,2,2,2,2,2,2,2,2,2,2,2,2,2,2,2,2,2,2,2,2,2,2,2,1,1,1,1,1,1,1,1,1,1,1,1,1,1,1,1,1,1,1,1,1,1,1,1,1,1,1,1,1,1,1,1,1,1,1
"Tehama","0-17",5,5,5,5,5,5,5,4,4,4,4,4,4,4,3,3,3,3,3,3,3,2,2,2,2,2,2,2,2,2,2,2,2,2,2,1,1,1,1,1,1,1,1,1,1,1,1,1,1,1,1,1,1,1,1,1,1,1,1,1,1,1,1,0,0,0,0,0,0,0,0,0,0,0,0,0,0,0,0,0,0,0,0,0,0,0,0,0,0,0,0
"Tehama","18-49",9,9,9,9,9,9,9,7,7,7,7,7,7,7,6,6,6,6,6,6,6,5,5,5,5,5,5,5,4,4,4,4,4,4,4,3,3,3,3,3,3,3,2,2,2,2,2,2,2,2,2,2,2,2,2,2,2,2,2,2,2,2,2,1,1,1,1,1,1,1,1,1,1,1,1,1,1,1,1,1,1,1,1,1,1,1,1,1,1,1,1
"Tehama","50-64",2,2,2,2,2,2,2,1,1,1,1,1,1,1,1,1,1,1,1,1,1,1,1,1,1,1,1,1,1,1,1,1,1,1,1,0,0,0,0,0,0,0,0,0,0,0,0,0,0,0,0,0,0,0,0,0,0,0,0,0,0,0,0,0,0,0,0,0,0,0,0,0,0,0,0,0,0,0,0,0,0,0,0,0,0,0,0,0,0,0,0
"Tehama","65+",3,3,3,3,3,3,3,2,2,2,2,2,2,2,2,2,2,2,2,2,2,1,1,1,1,1,1,1,1,1,1,1,1,1,1,1,1,1,1,1,1,1,1,1,1,1,1,1,1,1,1,1,1,1,1,1,0,0,0,0,0,0,0,0,0,0,0,0,0,0,0,0,0,0,0,0,0,0,0,0,0,0,0,0,0,0,0,0,0,0,0
"Trinity","0-17",0,0,0,0,0,0,0,0,0,0,0,0,0,0,0,0,0,0,0,0,0,0,0,0,0,0,0,0,0,0,0,0,0,0,0,0,0,0,0,0,0,0,0,0,0,0,0,0,0,0,0,0,0,0,0,0,0,0,0,0,0,0,0,0,0,0,0,0,0,0,0,0,0,0,0,0,0,0,0,0,0,0,0,0,0,0,0,0,0,0,0
"Trinity","18-49",4,4,4,4,4,4,4,4,4,4,4,4,4,4,3,3,3,3,3,3,3,3,3,3,3,3,3,3,3,3,3,3,3,3,3,2,2,2,2,2,2,2,2,2,2,2,2,2,2,2,2,2,2,2,2,2,2,2,2,2,2,2,2,1,1,1,1,1,1,1,1,1,1,1,1,1,1,1,1,1,1,1,1,1,1,1,1,1,1,1,1
"Trinity","50-64",3,3,3,3,3,3,3,2,2,2,2,2,2,2,2,2,2,2,2,2,2,2,2,2,2,2,2,2,2,2,2,2,2,2,2,1,1,1,1,1,1,1,1,1,1,1,1,1,1,1,1,1,1,1,1,1,1,1,1,1,1,1,1,1,1,1,1,1,1,1,1,1,1,1,1,1,1,1,1,1,1,1,1,1,1,1,1,1,1,1,1
"Trinity","65+",1,1,1,1,1,1,1,1,1,1,1,1,1,1,1,1,1,1,1,1,1,1,1,1,1,1,1,1,1,1,1,1,1,1,1,1,1,1,1,1,1,1,1,1,1,1,1,1,1,0,0,0,0,0,0,0,0,0,0,0,0,0,0,0,0,0,0,0,0,0,0,0,0,0,0,0,0,0,0,0,0,0,0,0,0,0,0,0,0,0,0
"Tulare","0-17",105,105,105,105,105,105,105,95,95,95,95,95,95,95,85,85,85,85,85,85,85,74,74,74,74,74,74,74,64,64,64,64,64,64,64,54,54,54,54,54,54,54,46,46,46,46,46,46,46,39,39,39,39,39,39,39,32,32,32,32,32,32,32,27,27,27,27,27,27,27,23,23,23,23,23,23,23,19,19,19,19,19,19,19,16,16,16,16,16,16,16
"Tulare","18-49",68,68,68,68,68,68,68,54,54,54,54,54,54,54,43,43,43,43,43,43,43,35,35,35,35,35,35,35,28,28,28,28,28,28,28,23,23,23,23,23,23,23,18,18,18,18,18,18,18,15,15,15,15,15,15,15,12,12,12,12,12,12,12,10,10,10,10,10,10,10,8,8,8,8,8,8,8,7,7,7,7,7,7,7,6,6,6,6,6,6,6
"Tulare","50-64",12,12,12,12,12,12,12,9,9,9,9,9,9,9,7,7,7,7,7,7,7,5,5,5,5,5,5,5,4,4,4,4,4,4,4,3,3,3,3,3,3,3,2,2,2,2,2,2,2,2,2,2,2,2,2,2,1,1,1,1,1,1,1,1,1,1,1,1,1,1,1,1,1,1,1,1,1,1,1,1,1,1,1,1,1,1,1,1,1,1,1
"Tulare","65+",3,3,3,3,3,3,3,2,2,2,2,2,2,2,2,2,2,2,2,2,2,1,1,1,1,1,1,1,1,1,1,1,1,1,1,1,1,1,1,1,1,1,1,1,1,1,1,1,1,1,1,1,1,1,1,1,0,0,0,0,0,0,0,0,0,0,0,0,0,0,0,0,0,0,0,0,0,0,0,0,0,0,0,0,0,0,0,0,0,0,0
"Tuolumne","0-17",6,6,6,6,6,6,6,6,6,6,6,6,6,6,5,5,5,5,5,5,5,4,4,4,4,4,4,4,3,3,3,3,3,3,3,3,3,3,3,3,3,3,2,2,2,2,2,2,2,2,2,2,2,2,2,2,1,1,1,1,1,1,1,1,1,1,1,1,1,1,1,1,1,1,1,1,1,1,1,1,1,1,1,1,1,1,1,1,1,1,1
"Tuolumne","18-49",8,8,8,8,8,8,8,7,7,7,7,7,7,7,5,5,5,5,5,5,5,4,4,4,4,4,4,4,3,3,3,3,3,3,3,3,3,3,3,3,3,3,2,2,2,2,2,2,2,2,2,2,2,2,2,2,1,1,1,1,1,1,1,1,1,1,1,1,1,1,1,1,1,1,1,1,1,1,1,1,1,1,1,1,1,1,1,1,1,1,1
"Tuolumne","50-64",2,2,2,2,2,2,2,1,1,1,1,1,1,1,1,1,1,1,1,1,1,1,1,1,1,1,1,1,0,0,0,0,0,0,0,0,0,0,0,0,0,0,0,0,0,0,0,0,0,0,0,0,0,0,0,0,0,0,0,0,0,0,0,0,0,0,0,0,0,0,0,0,0,0,0,0,0,0,0,0,0,0,0,0,0,0,0,0,0,0,0
"Tuolumne","65+",1,1,1,1,1,1,1,1,1,1,1,1,1,1,0,0,0,0,0,0,0,0,0,0,0,0,0,0,0,0,0,0,0,0,0,0,0,0,0,0,0,0,0,0,0,0,0,0,0,0,0,0,0,0,0,0,0,0,0,0,0,0,0,0,0,0,0,0,0,0,0,0,0,0,0,0,0,0,0,0,0,0,0,0,0,0,0,0,0,0,0
"Ventura","0-17",243,243,243,243,243,243,243,180,180,180,180,180,180,180,131,131,131,131,131,131,131,94,94,94,94,94,94,94,67,67,67,67,67,67,67,48,48,48,48,48,48,48,35,35,35,35,35,35,35,25,25,25,25,25,25,25,18,18,18,18,18,18,18,13,13,13,13,13,13,13,10,10,10,10,10,10,10,7,7,7,7,7,7,7,5,5,5,5,5,5,5
"Ventura","18-49",395,395,395,395,395,395,395,317,317,317,317,317,317,317,255,255,255,255,255,255,255,206,206,206,206,206,206,206,167,167,167,167,167,167,167,136,136,136,136,136,136,136,111,111,111,111,111,111,111,91,91,91,91,91,91,91,75,75,75,75,75,75,75,62,62,62,62,62,62,62,51,51,51,51,51,51,51,43,43,43,43,43,43,43,36,36,36,36,36,36,36
"Ventura","50-64",45,45,45,45,45,45,45,31,31,31,31,31,31,31,22,22,22,22,22,22,22,16,16,16,16,16,16,16,12,12,12,12,12,12,12,8,8,8,8,8,8,8,6,6,6,6,6,6,6,5,5,5,5,5,5,5,4,4,4,4,4,4,4,3,3,3,3,3,3,3,2,2,2,2,2,2,2,1,1,1,1,1,1,1,1,1,1,1,1,1,1
"Ventura","65+",15,15,15,15,15,15,15,12,12,12,12,12,12,12,9,9,9,9,9,9,9,7,7,7,7,7,7,7,6,6,6,6,6,6,6,5,5,5,5,5,5,5,4,4,4,4,4,4,4,3,3,3,3,3,3,3,2,2,2,2,2,2,2,2,2,2,2,2,2,2,2,2,2,2,2,2,2,1,1,1,1,1,1,1,1,1,1,1,1,1,1
"Yolo","0-17",31,31,31,31,31,31,31,19,19,19,19,19,19,19,11,11,11,11,11,11,11,7,7,7,7,7,7,7,4,4,4,4,4,4,4,3,3,3,3,3,3,3,2,2,2,2,2,2,2,1,1,1,1,1,1,1,1,1,1,1,1,1,1,0,0,0,0,0,0,0,0,0,0,0,0,0,0,0,0,0,0,0,0,0,0,0,0,0,0,0,0
"Yolo","18-49",105,105,105,105,105,105,105,86,86,86,86,86,86,86,70,70,70,70,70,70,70,57,57,57,57,57,57,57,47,47,47,47,47,47,47,39,39,39,39,39,39,39,32,32,32,32,32,32,32,27,27,27,27,27,27,27,23,23,23,23,23,23,23,19,19,19,19,19,19,19,16,16,16,16,16,16,16,14,14,14,14,14,14,14,11,11,11,11,11,11,11
"Yolo","50-64",15,15,15,15,15,15,15,11,11,11,11,11,11,11,8,8,8,8,8,8,8,6,6,6,6,6,6,6,5,5,5,5,5,5,5,4,4,4,4,4,4,4,3,3,3,3,3,3,3,2,2,2,2,2,2,2,2,2,2,2,2,2,2,1,1,1,1,1,1,1,1,1,1,1,1,1,1,1,1,1,1,1,1,1,1,1,1,1,1,1,1
"Yolo","65+",4,4,4,4,4,4,4,4,4,4,4,4,4,4,3,3,3,3,3,3,3,3,3,3,3,3,3,3,2,2,2,2,2,2,2,2,2,2,2,2,2,2,2,2,2,2,2,2,2,1,1,1,1,1,1,1,1,1,1,1,1,1,1,1,1,1,1,1,1,1,1,1,1,1,1,1,1,1,1,1,1,1,1,1,1,1,1,1,1,1,1
"Yuba","0-17",3,3,3,3,3,3,3,2,2,2,2,2,2,2,1,1,1,1,1,1,1,0,0,0,0,0,0,0,0,0,0,0,0,0,0,0,0,0,0,0,0,0,0,0,0,0,0,0,0,0,0,0,0,0,0,0,0,0,0,0,0,0,0,0,0,0,0,0,0,0,0,0,0,0,0,0,0,0,0,0,0,0,0,0,0,0,0,0,0,0,0
"Yuba","18-49",32,32,32,32,32,32,32,27,27,27,27,27,27,27,23,23,23,23,23,23,23,20,20,20,20,20,20,20,17,17,17,17,17,17,17,14,14,14,14,14,14,14,12,12,12,12,12,12,12,11,11,11,11,11,11,11,9,9,9,9,9,9,9,8,8,8,8,8,8,8,7,7,7,7,7,7,7,6,6,6,6,6,6,6,5,5,5,5,5,5,5
"Yuba","50-64",7,7,7,7,7,7,7,5,5,5,5,5,5,5,4,4,4,4,4,4,4,3,3,3,3,3,3,3,3,3,3,3,3,3,3,2,2,2,2,2,2,2,2,2,2,2,2,2,2,1,1,1,1,1,1,1,1,1,1,1,1,1,1,1,1,1,1,1,1,1,1,1,1,1,1,1,1,1,1,1,1,1,1,1,0,0,0,0,0,0,0
"Yuba","65+",3,3,3,3,3,3,3,3,3,3,3,3,3,3,2,2,2,2,2,2,2,2,2,2,2,2,2,2,2,2,2,2,2,2,2,1,1,1,1,1,1,1,1,1,1,1,1,1,1,1,1,1,1,1,1,1,1,1,1,1,1,1,1,1,1,1,1,1,1,1,1,1,1,1,1,1,1,1,1,1,1,1,1,1,1,1,1,1,1,1,1
